code[unique=true];$parentcategories
Torsa.6023;
Amplify.2723;Amplify-Back-Size, Amplify-Back-UPSize, AmplifyStool-Back-UPSize
Amplify.2722;Amplify-Back-Size, AmplifyStool-Back-USSize
Focus.5623;Focus-Back-Size, Focus-Back-PlasticSize
Focus.5622;Focus-Back-Size
FocusStool.5623;FocusStool-Back-Size, FocusStool-Back-PlasticSize
FocusStool.5622;FocusStool-Back-Size
FocusHD.5623;FocusHD-Back-Size, FocusHD-Back-PlasticSize
FocusHD.5622;FocusHD-Back-Size
FocusExec.5624;FocusExec-Back-Size
Freelance.5314;FreelanceBar-SeatWidth
Freelance.5414;FreelanceBar-SeatWidth
Glove.7531;GloveActive-BackSize
Glove.7532;GloveActive-BackSize
Glove.7541;GloveExec-BackSize
Glove.7542;GloveExec-BackSize
NonStop.671;NonStopHDStool-BackSize
NonStop.672;NonStopHD-BackSize
NonStop.673;NonStopHD-BackSize
InFlex.971;InFlex-FrameStyle
InFlexStool.971;InFlexStool-FrameStyle
InFlex.974;InFlex-FrameStyle
InFlex.973;InFlex-Task-FrameStyle
InFlexStool.973;InFlexStool-Task-FrameStyle
Knack.3323;Knack-BackSize, KnackStool-BackSize
Prava.6422;Prava-Back-Size
Prava.6423;Prava-Back-Size
ReAlign.681;ReAlign-BackSize, ReAlignStool-BackSize
ReAlign.682;ReAlign-BackSize
TR2.40;TR2-BackSize
TR2.40E;TR2-BackSize
TR2Stool.40;TR2Stool-BackSize
Wit.2223;Wit-Back-Size
Wit.2222;Wit-Back-Size, WitStool-Back-Size
Amplify.B1;Amplify-Back-Style
AmplifyStool.B1;AmplifyStool-Back-Style
Vnt.B1;Focus-Back-Style
FocusExec.B1;FocusExec-Back-Style
FocusStool.B1;FocusStool-Back-Style
FocusHD.B1;FocusHD-Back-Style
FocusLT.B1;FocusLT-Back-Style
FocusSide.B1;FocusSide-BackStyle
FocusCafeStool.B1;FocusCafeStool-BackStyle
Movi.MB;Movi-BackStyle
MoviStool.MB;MoviStool-BackStyle
WitSide.MB;WitSide-BackStyle
B2;
Vnt.B2;Focus-Back-Style
FocusStool.B2;FocusStool-Back-Style
FocusHD.B2;FocusHD-Back-Style
Amplify.B3;Amplify-Back-Style
AmplifyStool.B3;AmplifyStool-Back-Style
FocusSide.B3;FocusSide-BackStyle
FocusCafeStool.B3;FocusCafeStool-BackStyle
FocusExec.B4;FocusExec-Back-Style
Vnt.B4;Focus-Back-Style
FocusStool.B4;FocusStool-Back-Style
FocusHD.B4;FocusHD-Back-Style
FocusLT.B4;FocusLT-Back-Style
Sona.B7;Sona-Back-Style
Wit.B1;Wit-Back-Style
Wit.B9;Wit-Back-Style
WitStool.B1;WitStool-Back-Style
WitStool.B9;WitStool-Back-Style
WitSide.TXB;WitSide-BackStyle
Sona.B8;Sona-Back-Style
*TR2Mid.B0;TR2-Midback-BackStyle
*TR2High.B0;TR2-Highback-BackStyle
*TR2Stool.B0;TR2Stool-BackStyle
E4;TR2-Midback-BackStyle
E5;TR2-Highback-BackStyle
TR2Stool.E4;TR2Stool-BackStyle
BK1;Novo-Back-Size, NovoStool-Back-Size
BK2;Novo-Back-Size
*IB;GloveExec-BackButton
RB;GloveExec-BackButton
*Freelance.HDN;Freelance-HeavyDuty
Freelance.HD;Freelance-HeavyDuty
*Glove.HDN;GloveActive-HD
Glove.HD;GloveActive-HD
*Knack.HDN;Knack-HD
Knack.HD;Knack-HD
*ReAlign.HDN;ReAlign-HeavyDuty
ReAlign.HD;ReAlign-HeavyDuty
*TR2Mid.HDN;TR2-Midback-HD
*TR2High.HDN;TR2-Highback-HD
*TR2Plastic.HDN;TR2-Plastic-HD
TR2.HD;TR2-Midback-HD, TR2-Highback-HD
TR2Plastic.HD;TR2-Plastic-HD
*TR2Stool.HDN;TR2Stool-HeavyDuty
*TR2Stool.HD;TR2Stool-HeavyDuty
*Achieve.G;Achieve-FrameType
*Achieve.C;Achieve-FrameType
*Anytime.G;Anytime-FrameType
*Anytime.C;Anytime-FrameType
*FocusSide.G;FocusSide-FrameType
*FocusSide.C;FocusSide-FrameType
*Freelance.G;Freelance-FrameType
*FreelanceUSUP.G;Freelance-USUP-FrameType
*Freelance.C;Freelance-FrameType, Freelance-USUP-FrameType
*Relay.G;Relay-FrameType
*Relay.C;Relay-FrameType
*Social.G;Social-FrameType
*Social.C;Social-FrameType
Vnt.FT2;Lumin-Sled-FrameType
*NShell;
Achieve.US;Achieve-Back-Style
Achieve.UP;Achieve-Back-Style
*Anytime.PL;Anytime-Style
*AnytimeStool.PL;AnytimeStool-Style
Anytime.US;Anytime-Style
AnytimeStool.US;AnytimeStool-Style
Anytime.UP;Anytime-Style
AnytimeStool.UP;AnytimeStool-Style
*Freelance.PL;Freelance-Style
*Freelance4Leg.PL;Freelance-4Leg-Style
*FreelanceStool.PL;FreelanceStool-Style
Freelance.US;Freelance-Style
Freelance4Leg.US;Freelance-4Leg-Style
FreelanceStool.US;FreelanceStool-Style
Freelance.UP;Freelance-Style
Freelance4Leg.UP;Freelance-4Leg-Style
FreelanceStool.UP;FreelanceStool-Style
*InFlex.PL;InFlex-Style
*InFlexStool.PL;InFlexStool-Style
InFlex.US;InFlex-Style
InFlexStool.US;InFlexStool-Style
InFlex.UP;InFlex-Style
InFlexStool.UP;InFlexStool-Style
Lumin.PS;Lumin-Style
LuminStool.PS;LuminStool-Style
Lumin.US;Lumin-Style
LuminStool.US;LuminStool-Style
Lumin.UP;Lumin-Style
LuminStool.UP;LuminStool-Style
*OnCall.PL;OnCall-Style
*OnCallStool.PL;OnCallStool-Style
OnCall.US;OnCall-Style
OnCallStool.US;OnCallStool-Style
OnCall.UP;OnCall-Style
OnCallStool.UP;OnCallStool-Style
Rio.PS;Rio-Style
RioStool.PS;RioStool-Style
Rio.US;Rio-Style
RioStool.US;RioStool-Style
Rio.UP;Rio-Style
RioStool.UP;RioStool-Style
*Relay.PL;Relay-Style, RelayStool-Style
Relay.US;Relay-Style, RelayStool-Style
Relay.UP;Relay-Style, RelayStool-Style
*Rowdy.PL;Rowdy-Style
Rowdy.US;Rowdy-Style
Social.US;Social-Style
WitSide.PS;WitSide-SeatStyle
WitSide.US;WitSide-SeatStyle
*BNN;Knack-BallisticNylon, KnackStool-BallisticNylon, NonStopHD-BallisticNylon, NonStopHDStool-BallisticNylon, TR2-BallisticNylon, ReAlign-BallisticNylon, ReAlignStool-BallisticNylon, TR2Stool-BallisticNylon
BN;Knack-BallisticNylon, KnackStool-BallisticNylon, NonStopHD-BallisticNylon, NonStopHDStool-BallisticNylon, TR2-BallisticNylon, ReAlign-BallisticNylon, ReAlignStool-BallisticNylon, TR2Stool-BallisticNylon
*Freelance.BNN;Freelance-BallisticNylon
Freelance.BN;Freelance-BallisticNylon
*FreelanceBar.BNN;FreelanceBar-BallisticNylon
FreelanceBar.BN;FreelanceBar-BallisticNylon
*FreelanceStool.BNN;FreelanceStool-BallisticNylon
FreelanceStool.BN;FreelanceStool-BallisticNylon
*GloveActive.BNN;GloveActive-BallisticNylon
GloveActive.BN;GloveActive-BallisticNylon
*GloveExec.BNN;GloveExec-BallisticNylon
GloveExec.BN;GloveExec-BallisticNylon
B;Wit-Mechanism, WitStool-Mechanism, InFlex-Mechanism, InFlexStool-Mechanism, AmplifyStool-Mechanism, Anytime-Mechanism, AnytimeStool-Mechanism, KnackStool-Mechanism, OnCall-Task-Mechanism, OnCallStool-Task-Mechanism, ReAlignStool-Mechanism, Relay-Task-Mechanism, RelayStool-Mechanism, TR2Stool-Mechanism
Knack.B;Knack-Mechanism
TR2.B;TR2-Midback-Mechanism
ReAlign.B;ReAlign-Mechanism
Vnt.B;FocusStool-Mechanism, Lumin-Task-Mechanism, LuminStool-Task-Mechanism, Rio-Task-Mechanism, RioStool-Task-Mechanism, Novo-Mechanism, NovoStool-Mechanism
Mech.B2;NonStopHDStool-Mechanism, TR2Stool-HD-Mechanism
T;Amplify-Mechanism, Wit-Mechanism, GloveExec-Mechanism
Glove.T;GloveActive-Mechanism
Knack.T;Knack-Mechanism
Multi.T;Anytime-Mechanism, OnCall-Task-Mechanism, Relay-Task-Mechanism
Novo.T;Novo-Mechanism
Prava.T;Prava-Mechanism
ReAlign.T;ReAlign-Mechanism
Sona.T;Sona-Mechanism
TR2.T;TR2-Midback-Mechanism, TR2-Highback-Mechanism
Vnt.T;Focus-Mechanism
T2;NonStopHD-Size2-Mechanism
F;Wit-Mechanism
Knack.F;Knack-Mechanism
Vnt.F;Novo-Mechanism
Fe3;Wit-Mechanism
Vnt.Fe3;Novo-Mechanism
K;GloveExec-Mechanism
Prava.K;Prava-Mechanism
ReAlign.K;ReAlign-Mechanism
Sona.K;Sona-Mechanism
Vnt.K;Focus-Mechanism
DT;NonStopHD-Size3-Mechanism
P;
TR2Stool.P;TR2Stool-Mechanism
TR2.P;TR2-Midback-Mechanism, TR2-Highback-Mechanism, TR2-Plastic-Mechanism
TR2.Pe3;TR2-Midback-Mechanism, TR2-Highback-Mechanism, TR2-Plastic-Mechanism
I;
Y;FocusExec-Mechanism, AmplifyLT-Mechanism, FocusLT-Mechanism, NovoLT-Mechanism
Amplify.Y;Amplify-Mechanism
FocusHD.Y;FocusHD-Mechanism
Glove.Y;GloveActive-Mechanism
GloveHD.Y;GloveActive-HD-Mechanism
Knack.Y;Knack-Mechanism
KnackHD.Y;Knack-HD-Mechanism
Prava.Y;Prava-Mechanism
ReAlign.Y;ReAlign-Mechanism
ReAlignHD.Y;ReAlign-HD-Mechanism
Sona.Y;Sona-Mechanism
TR2.Y;TR2-Midback-Mechanism, TR2-Highback-Mechanism, TR2-HD-Mechanism
Vnt.Y;Focus-Mechanism
Ye3;FocusExec-Mechanism, AmplifyLT-Mechanism, FocusLT-Mechanism, NovoLT-Mechanism
Amplify.Ye3;Amplify-Mechanism
FocusHD.Ye3;FocusHD-Mechanism
Glove.Ye3;GloveActive-Mechanism
GloveHD.Ye3;GloveActive-HD-Mechanism
Knack.Ye3;Knack-Mechanism
KnackHD.Ye3;Knack-HD-Mechanism
Prava.Ye3;Prava-Mechanism
ReAlign.Ye3;ReAlign-Mechanism
ReAlignHD.Ye3;ReAlign-HD-Mechanism
Sona.Ye3;Sona-Mechanism
TR2.Ye3;TR2-Midback-Mechanism, TR2-Highback-Mechanism, TR2-HD-Mechanism
Vnt.Ye3;Focus-Mechanism
Y.e3;Torsa-Mechanism
M;NonStopHD-Size2-Mechanism
Glove.M;GloveActive-Mechanism
GloveHD.M;GloveActive-HD-Mechanism
Knack.M;Knack-Mechanism
KnackHD.M;Knack-HD-Mechanism
ReAlign.M;ReAlign-Mechanism
ReAlignHD.M;ReAlign-HD-Mechanism
TR2.M;TR2-Midback-Mechanism, TR2-Highback-Mechanism, TR2-Plastic-Mechanism, TR2-HD-Mechanism, TR2-PlasticHD-Mechanism
Me3;
Glove.Me3;GloveActive-Mechanism
GloveHD.Me3;GloveActive-HD-Mechanism
Knack.Me3;Knack-Mechanism
KnackHD.Me3;Knack-HD-Mechanism
ReAlign.Me3;ReAlign-Mechanism
ReAlignHD.Me3;ReAlign-HD-Mechanism
TR2.Me3;TR2-Midback-Mechanism, TR2-Highback-Mechanism, TR2-Plastic-Mechanism, TR2-HD-Mechanism, TR2-PlasticHD-Mechanism
Mech.A2;NonStopHD-Size2-Mechanism
ReAlign.A2;ReAlign-Mechanism
ReAlignHD.A2;ReAlign-HD-Mechanism
*AN;
A0;Amplify-Arm, AmplifyStool-Arm, Focus-Arm, Focus-Synchro-Arm, FocusExec-Arm, FocusHD-Arm, FocusStool-Arm, Torsa-Arm, Wit-Arm, WitStool-Arm, InFlex-Arm, InFlex-Task-Arm, InFlex-Casters-Arm, InFlexStool-Arm, InFlexStool-Task-Arm, Lumin-Sled-Arm, LuminStool-Arm, RioStool-Arm, Rio-WireRod-Arm, FocusSide-Glides-Arm, FocusSide-Casters-Arm, FocusCafeStool-Arm, Achieve-Arm, Prava-Arm, Prava-KY-Arm, Sona-Arm, Lumin-Task-Arm, Rio-Task-Arm , Anytime-Glides-Black-Arm, Anytime-Glides-Silver-Arm, Anytime-Casters-Black-Arm, Anytime-Casters-Silver-Arm, Anytime-Task-Arm, AnytimeStool-Black-Arm, AnytimeStool-Silver-Arm, AnytimeStool-Task-Arm, GloveActive-Arm, GloveActive-HD-Arm, Knack-Arm, Knack-HD-Arm, KnackStool-Arm, NonStopHD-Size2-Arm, NonStopHD-Size3-Arm, NonStopHDStool-Arm, TR2-Arm, OnCall-Arm, OnCall-Task-Arm, OnCallStool-Arm, OnCallStool-Task-Arm, ReAlign-Arm, ReAlignStool-Arm, Relay-Arm, RelayStool-Arm, Rowdy-Arm, Social-Arm, TR2Stool-Arm, AmplifyLT-Arms, FocusLT-Arms
AR0;Novo-Arm, NovoStool-Arm, WitSide-Arms, NovoLT-Arms
AR1;Movi-Arms, MoviStool-Arms, WitSide-Arms
AR2;Novo-Arm, NovoStool-Arm
AR4;Novo-Arm, NovoStool-Arm
AR6;Novo-Arm, NovoStool-Arm
Rio4Leg.A0;Rio-Arm
Lumin4Leg.A0;Lumin-Arm
A2;TR2-Arm, TR2Stool-Arm
A12;TR2-Arm, TR2Stool-Arm
A15;TR2-Arm, TR2Stool-Arm
A17;TR2-Arm, TR2Stool-Arm
A26;GloveActive-Arm, GloveExec-Arm
A27L;GloveActive-Arm, GloveActive-HD-Arm
A27;GloveActive-Arm, GloveActive-HD-Arm
A28L;GloveActive-Arm, GloveActive-HD-Arm
A28;GloveActive-Arm, GloveActive-HD-Arm
A37;OnCall-Arm, OnCallStool-Arm
A40;Achieve-Arm
A41;GloveActive-Arm, GloveExec-Arm
A42;OnCall-Task-Arm, OnCallStool-Task-Arm
A43;TR2-Arm, TR2Stool-Arm
A44;TR2-Arm, TR2Stool-Arm
A47;Rowdy-Arm
A48;Anytime-Glides-Black-Arm, Anytime-Casters-Black-Arm, AnytimeStool-Black-Arm, Anytime-Task-Arm, AnytimeStool-Task-Arm
A49;Anytime-Glides-Silver-Arm, Anytime-Casters-Silver-Arm, AnytimeStool-Silver-Arm
A60;Relay-Arm, RelayStool-Arm
A67;NonStopHD-Size2-Arm, NonStopHDStool-Arm
A68;NonStopHD-Size2-Arm, NonStopHDStool-Arm
A69;NonStopHD-Size2-Arm, NonStopHDStool-Arm
A70;NonStopHD-Size2-Arm, NonStopHDStool-Arm
A71;NonStopHD-Size2-Arm, NonStopHDStool-Arm
A72;NonStopHD-Size3-Arm
A73;ReAlign-Arm, ReAlignStool-Arm
A74;ReAlign-Arm, ReAlignStool-Arm
A75;ReAlign-Arm, ReAlignStool-Arm
A76;ReAlign-Arm, ReAlignStool-Arm
A77;Knack-Arm, KnackStool-Arm, ReAlign-Arm, ReAlignStool-Arm
A80;Knack-Arm, Knack-HD-Arm, KnackStool-Arm
A81;Knack-Arm, Knack-HD-Arm, KnackStool-Arm
A90;Social-Arm
Rio.A91;RioStool-Arm, Rio-Task-Arm
Rio4Leg.A91;Rio-Arm
A91;Focus-Arm, FocusStool-Arm
A92;Focus-Arm, Focus-Synchro-Arm, FocusHD-Arm, FocusStool-Arm
A152;Focus-Arm, Focus-Synchro-Arm, FocusHD-Arm, FocusStool-Arm, FocusLT-Arms
LT.A152;AmplifyLT-Arms, NovoLT-Arms
A93;Focus-Arm, Focus-Synchro-Arm, FocusHD-Arm, FocusStool-Arm
A153;Focus-Arm, Focus-Synchro-Arm, FocusHD-Arm, FocusStool-Arm, FocusLT-Arms
LT.A153;AmplifyLT-Arms, NovoLT-Arms
A94;Focus-Arm, Focus-Synchro-Arm, FocusHD-Arm, FocusStool-Arm
A154;Focus-Arm, Focus-Synchro-Arm, FocusHD-Arm, FocusStool-Arm
A95;Focus-Arm, Focus-Synchro-Arm, FocusHD-Arm, FocusStool-Arm
A155;Focus-Arm, Focus-Synchro-Arm, FocusHD-Arm, FocusStool-Arm
A98;FocusExec-Arm
A99;FocusExec-Arm
A101;Sona-Arm
A102;Sona-Arm
A105;Prava-Arm, Prava-KY-Arm, Sona-Arm
A106;Prava-KY-Arm, Sona-Arm
A108;Prava-Arm, Prava-KY-Arm, Sona-Arm
A109;Prava-KY-Arm, Sona-Arm
A111;Prava-Arm, Prava-KY-Arm
A112;Prava-Arm, Prava-KY-Arm
A121;InFlex-Arm, InFlex-Casters-Arm, InFlexStool-Arm
A122;InFlex-Task-Arm, InFlexStool-Task-Arm
A127;Wit-Arm, WitStool-Arm
A128;Wit-Arm, WitStool-Arm
A129;Wit-Arm, WitStool-Arm
A130;FocusSide-Glides-Arm, FocusSide-Casters-Arm, FocusCafeStool-Arm
A131;Torsa-Arm
Rio.A131;Rio-WireRod-Arm
A132;Torsa-Arm
A134;Torsa-Arm
A140;Amplify-Arm, AmplifyStool-Arm
A141;Amplify-Arm, AmplifyStool-Arm
A142;Amplify-Arm, AmplifyStool-Arm
A146;Lumin-Sled-Arm
A147;Lumin-Task-Arm, LuminStool-Arm
Lumin4Leg.A147;Lumin-Arm
Freelance.5213;Freelance-FourLeg-Arm, FreelanceStool-Arm
Freelance.5214 AC3;Freelance-FourLeg-Arm, FreelanceStool-Arm
Freelance.5214 AC4;Freelance-FourLeg-Arm, FreelanceStool-Arm
Freelance.5214 AC5;Freelance-FourLeg-Arm
Freelance.5223;Freelance-Casters-Arm
Freelance.5224 AC3;Freelance-Casters-Arm
Freelance.5224 AC4;Freelance-Casters-Arm
Freelance.5224 AC5;Freelance-Casters-Arm
Freelance.5233;Freelance-Sled-Arm
Freelance.5234 AC3;Freelance-Sled-Arm
Freelance.5234 AC4;Freelance-Sled-Arm
Freelance.5234 AC5;Freelance-Sled-Arm
*InFlex.TabletArm;InFlex-Arm
*Freelance.TabletArm;Freelance-FourLeg-Arm
AC3;FreelanceBar-ArmColor
AC4;FreelanceBar-ArmColor
AC5;FreelanceBar-ArmColor
TLA;Anytime-Glides-Black-Arm, Anytime-Glides-Silver-Arm
TRA;Anytime-Glides-Black-Arm, Anytime-Glides-Silver-Arm
TLI;InFlex-Tablet-Type
TRI;InFlex-Tablet-Type
TIO;InFlex-Tablet-Type
TL1;InFlex-Tablet-Laminate
TL5;InFlex-Tablet-Laminate
TL2;
TL3;
TL4;
TL6;
TL7;
TLS;FocusSide-Glides-Arm
TRS;FocusSide-Glides-Arm
TSO;FocusSide-Glides-Arm
Freelance.5213 TLF;Freelance-Tablet-Arm
Freelance.5213 TRF;Freelance-Tablet-Arm
Freelance.5213 TLFO;Freelance-Tablet-Arm
Freelance.5213 TRFO;Freelance-Tablet-Arm
Rio.RMTL;Rio-Arm
Lumin.RMTL;Lumin-Arm
LuminSled.RMTL;Lumin-Sled-Arm
Rio.RMTR;Rio-Arm
Lumin.RMTR;Lumin-Arm
LuminSled.RMTR;Lumin-Sled-Arm
*TEN;
TE1;InFlex-Tablet-EdgeColor
TE2;
TE3;
TE4;
TE5;
FocusSide.WB1;FocusSide-BackStyle
FocusSide.WB2;FocusSide-BackStyle
FocusCafeStool.WB1;FocusCafeStool-BackStyle
FocusCafeStool.WB2;FocusCafeStool-BackStyle
Wood.S1;FocusSide-Back-WoodStain, FocusCafeStool-Back-WoodStain
Wood.S3;FocusSide-Back-WoodStain, FocusCafeStool-Back-WoodStain
Wood.S5;FocusSide-Back-WoodStain, FocusCafeStool-Back-WoodStain
Wood.S8;FocusSide-Back-WoodStain, FocusCafeStool-Back-WoodStain
TX1;Wit-Back-ThintexType, WitStool-Back-ThintexType, WitSide-ThintexType
TX2;Wit-Back-ThintexType, WitStool-Back-ThintexType, WitSide-ThintexType
*LBN;Focus-Back-Lumbar, FocusExec-Back-Lumbar, FocusHD-Back-Lumbar, FocusStool-Back-Lumbar, FocusLT-Back-Lumbar
LB1;Focus-Back-Lumbar, FocusExec-Back-Lumbar, FocusHD-Back-Lumbar, FocusStool-Back-Lumbar, FocusLT-Back-Lumbar
AL1;Novo-Back-LumbarColor, NovoStool-Back-LumbarColor, NovoLT-Back-LumbarColor
AL2;Novo-Back-LumbarColor, NovoStool-Back-LumbarColor, NovoLT-Back-LumbarColor
AL3;Novo-Back-LumbarColor, NovoStool-Back-LumbarColor, NovoLT-Back-LumbarColor
LA1;Novo-Back-LumbarAccent, NovoStool-Back-LumbarAccent, NovoLT-Back-LumbarAccent
LA2;Novo-Back-LumbarAccent, NovoStool-Back-LumbarAccent, NovoLT-Back-LumbarAccent
LA3;Novo-Back-LumbarAccent, NovoStool-Back-LumbarAccent, NovoLT-Back-LumbarAccent
LA4;Novo-Back-LumbarAccent, NovoStool-Back-LumbarAccent, NovoLT-Back-LumbarAccent
LA5;Novo-Back-LumbarAccent, NovoStool-Back-LumbarAccent, NovoLT-Back-LumbarAccent
LA6;Novo-Back-LumbarAccent, NovoStool-Back-LumbarAccent, NovoLT-Back-LumbarAccent
LA7;Novo-Back-LumbarAccent, NovoStool-Back-LumbarAccent, NovoLT-Back-LumbarAccent
LA8;Novo-Back-LumbarAccent, NovoStool-Back-LumbarAccent, NovoLT-Back-LumbarAccent
LA9;Novo-Back-LumbarAccent, NovoStool-Back-LumbarAccent, NovoLT-Back-LumbarAccent
LA10;Novo-Back-LumbarAccent, NovoStool-Back-LumbarAccent, NovoLT-Back-LumbarAccent
LA11;Novo-Back-LumbarAccent, NovoStool-Back-LumbarAccent, NovoLT-Back-LumbarAccent
LA12;Novo-Back-LumbarAccent, NovoStool-Back-LumbarAccent, NovoLT-Back-LumbarAccent
LA13;Novo-Back-LumbarAccent, NovoStool-Back-LumbarAccent, NovoLT-Back-LumbarAccent
*HR0;Prava-Headrest
Focus.HR0;Focus-Back-Headrest, FocusHD-Back-Headrest, FocusStool-Back-Headrest, FocusLT-Back-Headrest
HRMC1;Focus-Back-Headrest, FocusHD-Back-Headrest, FocusStool-Back-Headrest, FocusLT-Back-Headrest
HRMC2;Focus-Back-Headrest, FocusHD-Back-Headrest, FocusStool-Back-Headrest, FocusLT-Back-Headrest
HRMC3;Focus-Back-Headrest, FocusHD-Back-Headrest, FocusStool-Back-Headrest, FocusLT-Back-Headrest
HR1C0;Prava-Headrest
HR1C1;Prava-Headrest
HR1C2;Prava-Headrest
*PH0;Sona-Back-PullHandle
PH1;Sona-Back-PullHandle
PH2;Sona-Back-PullHandle
Focus.5651;FocusSide-Glides-FrameColor, FocusCafeStool-FrameColor
Focus.5652;FocusSide-Glides-FrameColor, FocusCafeStool-FrameColor
Focus.5641;FocusSide-Casters-FrameColor
Focus.5642;FocusSide-Casters-FrameColor
FC1;Lumin-FrameColor, Lumin-Sled-FrameColor, Movi-FrameFinish, Rio-FrameColor, Rio-WireRod-FrameColor, LuminStool-FrameColor, RioStool-FrameColor, WitSide-FrameColor, NovoLT-Back-FrameColor, AmplifyLT-FrameColor
Color.FC1;InFlex-FrameColor, InFlexStool-FrameColor
Novo.FC1;Novo-Back-FrameColor
NovoStool.FC1;NovoStool-Back-FrameColor
Amplify.FC1;Amplify-Mesh-Back-FrameColor, Amplify-UP-Back-FrameColor
AmplifyStool.FC1;AmplifyStool-Mesh-Back-FrameColor, AmplifyStool-UP-Back-FrameColor
LuminTask.FC1;Lumin-Task-FrameColor
RioTask.FC1;Rio-Task-FrameColor
Color.FC2;InFlex-FrameColor, InFlexStool-FrameColor
FC2;Movi-FrameFinish, Lumin-FrameColor, Rio-FrameColor, LuminStool-FrameColor, RioStool-FrameColor, WitSide-FrameColor
LuminTask.FC2;Lumin-Task-FrameColor
RioTask.FC2;Rio-Task-FrameColor
FC4;
FC5;
FC6;
FC7;InFlex-FrameColor, InFlexStool-FrameColor
52-FC7;Freelance-Frame-FrameColor, FreelanceBar-FrameColor
FC8;InFlex-FrameColor, InFlexStool-FrameColor
FC9;
FC10;
FC11;Torsa-Back-FrameColor
FC12;Movi-FrameFinish, Torsa-Back-FrameColor
Novo.FC12;Novo-Back-FrameColor
NovoStool.FC12;NovoStool-Back-FrameColor
Amplify.FC13;Amplify-Mesh-Back-FrameColor, Amplify-UP-Back-FrameColor
AmplifyStool.FC13;AmplifyStool-Mesh-Back-FrameColor, AmplifyStool-UP-Back-FrameColor
Novo.FC13;Novo-Back-FrameColor
NovoStool.FC13;NovoStool-Back-FrameColor
Amplify.FC14;Amplify-UP-Back-FrameColor
AmplifyStool.FC14;AmplifyStool-UP-Back-FrameColor
FC15;Lumin-Sled-FrameColor, Rio-WireRod-FrameColor
FC.B;Relay-FrameColor, Rowdy-FrameColor
FC.S;Relay-FrameColor
FC.C;Rowdy-FrameColor
FB;Freelance-Frame-FrameColor, FreelanceStool-Frame-FrameColor, FreelanceBar-FrameColor
FS;Freelance-Frame-FrameColor, FreelanceStool-Frame-FrameColor, FreelanceBar-FrameColor
Anytime.FB;Anytime-4Leg-FrameColor
Anytime.FS;Anytime-4Leg-FrameColor
AnytimeStool.FB;AnytimeStool-FrameColor
AnytimeStool.FS;AnytimeStool-FrameColor
Achv.FB;Achieve-4Leg-FrameColor
Achv.FS;Achieve-4Leg-FrameColor
FCB;Achieve-Casters-FrameColor
FCS;Achieve-Casters-FrameColor
Anytime.FCB;Anytime-Casters-FrameColor
Anytime.FCS;Anytime-Casters-FrameColor
OnCall.B;OnCall-FrameColor, OnCallStool-FrameColor
OnCall.C;OnCall-FrameColor, OnCallStool-FrameColor
Social.9611;Social-Glides-FrameColor
Social.9612;Social-Glides-FrameColor
Social.9641;Social-Casters-FrameColor
Social.9642;Social-Casters-FrameColor
Z1;Focus-Back-SupportColor, FocusHD-Back-SupportColor, FocusStool-Back-SupportColor, Wit-Back-SupportColor, WitStool-Back-SupportColor, FocusLT-Back-SupportColor
Z2;Focus-Back-SupportColor, FocusHD-Back-SupportColor, FocusStool-Back-SupportColor, Wit-Back-SupportColor, WitStool-Back-SupportColor, FocusLT-Back-SupportColor
Z3;Torsa-Back-SupportColor
Z4;Torsa-Back-SupportColor
*ZP;FocusExec-Back-SupportColor
*F0;Freelance-Seat, FreelanceStool-Seat, Achieve-Seat, TR2-Seat, TR2Stool-Seat
F1;Freelance-Seat, FreelanceStool-Seat, Achieve-Seat, TR2-Seat, TR2Stool-Seat
*SN;Torsa-Base-CylinderHeight, Amplify-Base-CylinderHeight, TR2-CylinderHeight
*ReAlign.SN;ReAlign-CylinderHeight
*ReAlignHD.SN;ReAlign-HD-CylinderHeight
*Sona.SN;Sona-CylinderHeight, Sona-Y-CylinderHeight
*Wit.SN;Wit-CylinderHeight
S3;TR2-CylinderHeight
ReAlign.S8;ReAlign-CylinderHeight, ReAlign-HD-CylinderHeight
Sona.S8;Sona-Y-CylinderHeight
S10;
Wit.S10;Wit-CylinderHeight
S13;Torsa-Base-CylinderHeight, Amplify-Base-CylinderHeight
Wit.S13;Wit-CylinderHeight
CH1;Novo-Base-CylinderHeight
Black.CH1;Novo-Base-Black-CylinderHeight
CH3;Novo-Base-Black-CylinderHeight
CH4;Novo-Base-Black-CylinderHeight
S1;FocusStool-Base-StoolKit, InFlexStool-Task-StoolKit, WitStool-Base-StoolKit, AmplifyStool-Base-StoolKit, NovoStool-Base-StoolKit, KnackStool-Base-StoolKit, ReAlignStool-Base-StoolKit, TR2Stool-Base-StoolKit
S2;FocusStool-Base-StoolKit, InFlexStool-Task-StoolKit, WitStool-Base-StoolKit, AmplifyStool-Base-StoolKit,  NovoStool-Base-StoolKit, KnackStool-Base-StoolKit, ReAlignStool-Base-StoolKit, TR2Stool-Base-StoolKit
S1HD;NonStopHDStool-Base-StoolKit, TR2Stool-HD-Base-StoolKit
S2HD;NonStopHDStool-Base-StoolKit, TR2Stool-HD-Base-StoolKit
Cafe.S2;AnytimeStool-StoolHeight, OnCallStool-StoolKit, InFlexStool-StoolKit, FreelanceStool-Frame-FrameType, FocusCafeStool-FrameType
Cafe.S9;InFlexStool-StoolKit, FreelanceStool-Frame-FrameType, FocusCafeStool-FrameType
LightTask.S1;AnytimeStool-Task-StoolHeight, OnCallStool-Task-StoolKit, RelayStool-Base-StoolKit
LightTask.S2;AnytimeStool-Task-StoolHeight, OnCallStool-Task-StoolKit, RelayStool-Base-StoolKit
Lumin.S1;
Lumin.S2;LuminStool-StoolKit
Lumin.S9;LuminStool-StoolKit
Rio.S1;
Rio.S2;RioStool-StoolKit
Rio.S9;RioStool-StoolKit
S21;LuminStool-Task-StoolKit, RioStool-Task-StoolKit, MoviStool-Task-StoolKit
S22;LuminStool-Task-StoolKit, RioStool-Task-StoolKit, MoviStool-Task-StoolKit
B0;Focus-Base-BaseColor, Wit-Base-BaseColor, WitStool-Base-BaseColor, NonStopHD-Size2-Base-BaseColor, NonStopHDStool-Base-BaseMaterial, ReAlign-Base-BaseColor, ReAlignStool-Base-BaseColor
GloveActive.B0;GloveActive-Base-BaseColor, GloveActive-AdjSeat-Base-BaseColor
GloveExec.B0;GloveExec-BaseColor
Knack.B0;Knack-BTF-BaseColor, Knack-MY-BaseColor, KnackStool-Base-BaseColor
NonStopSize3.B0;NonStopHD-Size3-Base-BaseColor
Prava.B0;Prava-Base-BaseColor
Sona.B0;Sona-Base-BaseColor
TR2.B0;TR2-Base-BaseColor, TR2Stool-Base-BaseColor
*BP;FocusExec-Base-BaseColor
B1;GloveActive-HD-Base-BaseColor
GloveActive.B1;GloveActive-Base-BaseColor
GloveExec.B1;GloveExec-BaseColor
Knack.B1;Knack-MY-BaseColor
KnackHD.B1;Knack-HD-Base-BaseColor
TR2.B1;TR2-Base-BaseColor, TR2Stool-Base-BaseColor
TR2HD.B1;TR2-HD-Base-BaseColor
B2;TR2-HD-Base-BaseColor, GloveActive-HD-Base-BaseColor
GloveActive.B2;GloveActive-Base-BaseColor
GloveExec.B2;GloveExec-BaseColor
Knack.B2;Knack-BTF-BaseColor, Knack-MY-BaseColor
KnackHD.B2;Knack-HD-Base-BaseColor
TR2.B2;TR2-Base-BaseColor, TR2Stool-Base-BaseColor
B3;Focus-Base-BaseColor, ReAlign-Base-BaseColor, ReAlignStool-Base-BaseColor
Prava.B3;Prava-Base-BaseColor
Sona.B3;Sona-Base-BaseColor
B4;NonStopHD-Size2-Base-BaseColor, NonStopHDStool-Base-BaseMaterial
B5;FocusHD-Base-BaseColor, FocusStool-Base-BaseColor, NonStopHD-Size2-Base-BaseColor, NonStopHD-Size3-Base-BaseColor, NonStopHDStool-Base-BaseMaterial, AmplifyLT-Base-BaseMaterial, FocusLT-Base-BaseMaterial, NovoLT-Base-BaseMaterial
Knack.B5;Knack-BTF-BaseColor, Knack-MY-BaseColor, KnackStool-Base-BaseColor
B6;FocusStool-Base-BaseColor
B7;FocusHD-Base-BaseColor, GloveActive-HD-Base-BaseColor, GloveActive-HDAdjSeat-Base-BaseColor, TR2-HD-Base-BaseColor, ReAlign-HD-Base-BaseColor, Wit-LowCyl-Base-BaseColor, TR2Stool-HD-Base-BaseColor, AmplifyLT-Base-BaseMaterial, FocusLT-Base-BaseMaterial, NovoLT-Base-BaseMaterial
Knack.B7;Knack-MY-BaseColor
KnackHD.B7;Knack-HD-Base-BaseColor
B8;Focus-Base-BaseColor, Wit-Base-BaseColor, WitStool-Base-BaseColor
Prava.B8;Prava-Base-BaseColor
B10;
Sona.B10;Sona-Base-BaseColor
Prava.B11;Prava-Base-BaseColor
B12;ReAlign-S8-Base-BaseColor, Sona-S8Base-BaseColor
B14;Torsa-Base-BaseColor
B16;Torsa-Base-BaseColor
B17;Amplify-Base-Black-BaseColor, AmplifyStool-Base-Black-BaseColor, Lumin-Task-Black-Base, LuminStool-Task-Black-Base, Rio-Task-Black-Base, RioStool-Task-Black-Base, Novo-Base-Black-BaseColor, NovoStool-Base-Black-BaseColor, Novo-Base-HighLow-BaseColor, Movi-Task-BaseColor, MoviStool-Task-BaseColor
B18;Amplify-Base-Black-BaseColor, Amplify-Base-Fog-BaseColor, Amplify-Base-Silver-BaseColor, AmplifyStool-Base-Black-BaseColor, AmplifyStool-Base-Fog-BaseColor, AmplifyStool-Base-Silver-BaseColor, Novo-Base-Black-BaseColor, NovoStool-Base-Black-BaseColor, Novo-Base-White-BaseColor, NovoStool-Base-White-BaseColor, Novo-Base-Fog-BaseColor, NovoStool-Base-Fog-BaseColor
B20;Torsa-Base-BaseColor, Novo-Base-White-BaseColor, NovoStool-Base-White-BaseColor, Movi-Task-BaseColor, MoviStool-Task-BaseColor
B21;Amplify-Base-Fog-BaseColor, AmplifyStool-Base-Fog-BaseColor, Lumin-Task-Fog-Base, LuminStool-Task-Fog-Base, Rio-Task-Fog-Base, RioStool-Task-Fog-Base, Novo-Base-Fog-BaseColor, NovoStool-Base-Fog-BaseColor, Movi-Task-BaseColor, MoviStool-Task-BaseColor
B22;Amplify-Base-Silver-BaseColor, AmplifyStool-Base-Silver-BaseColor
B25;
Sona.B25;Sona-Base-BaseColor
S8;
C1;FocusStool-Base-Casters, Anytime-Task-Casters, AnytimeStool-Task-Casters, GloveExec-Casters, Knack-B0B2-Casters, TR2-Base-Casters, OnCall-Task-Casters, OnCallStool-Task-Casters, Relay-Task-Casters, RelayStool-Base-Casters
C2;FocusStool-Base-Casters, Anytime-Task-Casters, AnytimeStool-Task-Casters, GloveActive-B0Base-Casters, GloveExec-Casters, Knack-B0B2-Casters, TR2-Base-Casters, OnCall-Task-Casters, OnCallStool-Task-Casters, Relay-Task-Casters, RelayStool-Base-Casters
C3;Focus-Base-Casters, FocusStool-Base-Casters, FocusHD-Base-Casters,  Amplify-Base-Casters, AmplifyStool-Base-Casters, InFlex-Task-Casters, InFlexStool-Task-Casters, Lumin-Task-Casters, LuminStool-Task-Casters, Rio-Task-Casters, RioStool-Task-Casters, Sona-Base-Casters, Sona-B3B25-Casters, Torsa-Base-Casters, Wit-Base-Casters, Anytime-Task-Casters, AnytimeStool-Task-Casters, GloveActive-B0Base-Casters, GloveActive-HD-Base-Casters, GloveExec-Casters, Knack-B0B2-Casters, Knack-B5-Casters, Knack-B7-Casters, NonStopHD-Base-Casters, NonStopHDStool-Base-Casters, TR2-Base-Casters, OnCall-Task-Casters, OnCallStool-Task-Casters, ReAlign-Base-Casters, ReAlignStool-Base-Casters, Relay-Task-Casters, RelayStool-Base-Casters
C5;FocusStool-Base-Casters, GloveExec-Casters, Knack-B0B2-Casters, TR2-Base-Casters
C6;Anytime-Task-Casters, AnytimeStool-Task-Casters, OnCall-Task-Casters, OnCallStool-Task-Casters, Relay-Task-Casters, RelayStool-Base-Casters
C7;FocusStool-Base-Casters, Anytime-Task-Casters, AnytimeStool-Task-Casters, GloveActive-B0Base-Casters, GloveExec-Casters, Knack-B0B2-Casters, TR2-Base-Casters, OnCall-Task-Casters, OnCallStool-Task-Casters, Relay-Task-Casters, RelayStool-Base-Casters
C9;FocusHD-Base-Casters, GloveExec-AlumBase-Casters, Knack-B1-Casters, Knack-B5-Casters, Knack-HD-Base-Casters, NonStopHD-Base-Casters, NonStopHDStool-Base-Casters, ReAlign-HD-Base-Casters, TR2-Base-B1B2-Casters, TR2-HD-Base-Casters, TR2Stool-HD-Base-Casters, Wit-LowCyl-Base-Casters, AmplifyLT-Base-Casters, FocusLT-Base-Casters, NovoLT-Base-Casters
Glove.C9;GloveActive-B0Base-Casters, GloveActive-B1B2Base-Casters, GloveActive-HD-Base-Casters
NonHD.C9;Knack-B0B2-Casters, OnCall-Task-Casters, OnCallStool-Task-Casters
C11;FocusHD-Base-Casters, GloveActive-B0Base-Casters, GloveActive-B1B2Base-Casters, GloveActive-HD-Base-Casters, GloveExec-AlumBase-Casters, Knack-B1-Casters, Knack-B5-Casters, Knack-B7-Casters, Knack-HD-Base-Casters, NonStopHD-Base-Casters, NonStopHDStool-Base-Casters, ReAlign-HD-Base-Casters, TR2-Base-B1B2-Casters, TR2-HD-Base-Casters, TR2Stool-HD-Base-Casters, Wit-LowCyl-Base-Casters, AmplifyLT-Base-Casters, FocusLT-Base-Casters, NovoLT-Base-Casters
NonHD.C11;Knack-B0B2-Casters, OnCall-Task-Casters, OnCallStool-Task-Casters
C12;InFlex-Casters, FocusSide-Casters, Freelance-Casters, Achieve-Casters, Anytime-Casters, Relay-Casters, Relay-Nester-Casters, Social-Casters
LR.C12;Lumin-Feet, Rio-Feet
C13;InFlex-Casters, FocusSide-Casters, Freelance-Casters, Achieve-Casters, Anytime-Casters, Relay-Casters, Relay-Nester-Casters, Social-Casters
LR.C13;Lumin-Feet, Rio-Feet
C14;Focus-Base-Casters, InFlex-Task-Casters, InFlexStool-Task-Casters, Lumin-Task-Casters, LuminStool-Task-Casters, Rio-Task-Casters, RioStool-Task-Casters, ReAlign-Base-Casters, ReAlignStool-Base-Casters
C15;Focus-Base-Casters, InFlex-Task-Casters, InFlexStool-Task-Casters, Lumin-Task-Casters, LuminStool-Task-Casters, Rio-Task-Casters, RioStool-Task-Casters, ReAlign-Base-Casters, ReAlignStool-Base-Casters
C16;Amplify-Base-Casters, AmplifyStool-Base-Casters, Wit-Base-Casters, WitStool-Base-Casters, Sona-Base-Casters, Sona-B3B25-Casters, Prava-B3B8-Casters
C17;Amplify-Base-Casters, AmplifyStool-Base-Casters, Wit-Base-Casters, WitStool-Base-Casters, Sona-Base-Casters, Sona-B3B25-Casters, Prava-B3B8-Casters
C19;Focus-Base-Casters, FocusExec-Base-Casters, InFlex-Task-Casters, InFlexStool-Task-Casters, Lumin-Task-Casters, LuminStool-Task-Casters, Rio-Task-Casters, RioStool-Task-Casters, ReAlign-Base-Casters, ReAlignStool-Base-Casters, Prava-B3B8-Casters, Sona-B3B25-Casters
C20;Focus-Base-Casters, FocusExec-Base-Casters, InFlex-Task-Casters, InFlexStool-Task-Casters, Lumin-Task-Casters, LuminStool-Task-Casters, Rio-Task-Casters, RioStool-Task-Casters, ReAlign-Base-Casters, ReAlignStool-Base-Casters, Prava-B3B8-Casters, Sona-B3B25-Casters
C21;Prava-Base-Casters, ReAlign-S8-Base-Casters, Sona-S8Base-Casters
C22;Prava-Base-Casters, ReAlign-S8-Base-Casters, Sona-S8Base-Casters
C23;FocusExec-Base-Casters
C24;FocusExec-Base-Casters
C25;Torsa-Base-Casters
C26;Torsa-Base-Casters
C30;Torsa-Base-Casters
C31;Focus-Base-Casters, FocusHD-Base-Casters, FocusStool-Base-Casters
C32;Focus-Base-Casters, FocusHD-Base-Casters, FocusStool-Base-Casters
CS5;Movi-Casters, Movi-Task-Casters, MoviStool-Task-Casters, Novo-Base-Casters, NovoStool-Base-Casters
Multi.CS5;WitSide-Feet
CS6;Movi-Casters, Movi-Task-Casters, MoviStool-Task-Casters, Novo-Base-Casters, NovoStool-Base-Casters
Multi.CS6;WitSide-Feet
CS3;Novo-Base-Casters, NovoStool-Base-Casters
*GN;Freelance-Sled-Glides, OnCall-Glides, OnCallStool-Glides, Rowdy-Glides
Social.GN;Social-Glides
G0;Lumin-Sled-Glides, Rio-WireRod-Glides
G3;Freelance-Sled-Glides
G5;FocusSide-Glides, FocusCafeStool-Glides, Freelance-FourLeg-Glides, FreelanceStool-Glides
G6;Achieve-Glides
G7;Anytime-Glides, AnytimeStool-Glides
G8;
InFlex.G8;
G9;Relay-Glides
G11;InFlexStool-Glides
InFlex.G11;InFlex-Glides
G12;FocusSide-Glides, FocusCafeStool-Glides, Freelance-FourLeg-Glides, FreelanceStool-Glides, FreelanceBar-Glides, Freelance-HD-Glides
InFlex.G12;InFlex-Glides, InFlexStool-Glides
G13;InFlexStool-Glides, FocusSide-Glides, FocusCafeStool-Glides, Freelance-FourLeg-Glides, FreelanceStool-Glides, Freelance-HD-Glides
InFlex.G13;InFlex-Glides
FreelanceBar.G13;FreelanceBar-Glides
G14;Anytime-Glides, AnytimeStool-Glides
G15;Anytime-Glides, AnytimeStool-Glides
G16;Social-Glides
G17;Social-Glides
CG;OnCall-Glides, OnCallStool-Glides
CGF;OnCall-Glides, OnCallStool-Glides
CGR;Lumin-Sled-Glides, Rio-WireRod-Glides, Rowdy-Glides
CGRF;Lumin-Sled-Glides, Rio-WireRod-Glides, Rowdy-Glides
GL1;WitSide-Feet, Lumin-Feet, LuminStool-Glides, Rio-Feet, RioStool-Glides
GL2;WitSide-Feet
InFlex.GL2;InFlex-Glides, InFlexStool-Glides
Legacy.GL2;FocusSide-Glides, FocusCafeStool-Glides, Freelance-FourLeg-Glides, FreelanceStool-Glides, Anytime-Glides, AnytimeStool-Glides, Social-Glides
HD.GL2;Freelance-HD-Glides, FreelanceBar-Glides
LR.GL2;Lumin-Feet, LuminStool-Glides, Rio-Feet, RioStool-Glides
GL3;WitSide-Feet
LR.GL3;Lumin-Feet, LuminStool-Glides, Rio-Feet, RioStool-Glides
GL4;WitSide-Feet
LR.GL4;Lumin-Feet, LuminStool-Glides, Rio-Feet, RioStool-Glides
*133N;Focus-Material-CAL133, FocusExec-Material-CAL133, FocusHD-Material-CAL133, FocusStool-Material-CAL133, Torsa-Material-CAL133, Amplify-Material-CAL133, AmplifyStool-Material-CAL133, InFlex-Material-CAL133, InFlexStool-Material-CAL133, InFlex-CAL133, InFlexStool-CAL133, Wit-Material-CAL133, WitStool-Material-CAL133, Lumin-CAL133, LuminStool-CAL133, Rio-CAL133, RioStool-CAL133, Lumin-Material-CAL133, LuminStool-Material-CAL133, Rio-Material-CAL133, RioStool-Material-CAL133, FocusSide-Material-CAL133, FocusCafeStool-Material-CAL133, Freelance-CAL133, Freelance-Material-CAL133, FreelanceBar-Material-CAL133, FreelanceStool-Material-CAL133, Achieve-Material-CAL133, Prava-Material-CAL133, Sona-Material-CAL133, Anytime-CAL133, Anytime-Material-CAL133, AnytimeStool-Material-CAL133, GloveActive-Material-CAL133, GloveExec-Material-CAL133, Knack-Material-CAL133, KnackStool-Material-CAL133, NonStopHD-Material-CAL133, NonStopHDStool-Material-CAL133, Novo-Material-CAL133, NovoStool-Material-CAL133, OnCall-CAL133, OnCall-Material-CAL133, OnCallStool-Material-CAL133, ReAlign-Material-CAL133, ReAlignStool-Material-CAL133, Relay-CAL133, Relay-Material-CAL133, Rowdy-CAL133, Rowdy-Material-CAL133, Social-Material-CAL133, TR2-Material-CAL133, TR2Stool-Material-CAL133, WitSide-CAL133, WitSide-Material-CAL133, Movi-Material-CAL133, MoviStool-Material-CAL133, AmplifyLT-Material-CAL133, FocusLT-Material-CAL133, NovoLT-Material-CAL133
133F;Focus-Material-CAL133, FocusExec-Material-CAL133, FocusHD-Material-CAL133, FocusStool-Material-CAL133, Torsa-Material-CAL133, Amplify-Material-CAL133, AmplifyStool-Material-CAL133, InFlex-Material-CAL133, InFlexStool-Material-CAL133, Wit-Material-CAL133, WitStool-Material-CAL133, FocusSide-Material-CAL133, FocusCafeStool-Material-CAL133, Freelance-Material-CAL133, FreelanceBar-Material-CAL133, FreelanceStool-Material-CAL133, Achieve-Material-CAL133, Prava-Material-CAL133, Sona-Material-CAL133, Anytime-Material-CAL133, AnytimeStool-Material-CAL133, GloveActive-Material-CAL133, GloveExec-Material-CAL133, Knack-Material-CAL133, KnackStool-Material-CAL133, NonStopHD-Material-CAL133, NonStopHDStool-Material-CAL133, Novo-Material-CAL133, NovoStool-Material-CAL133, OnCall-Material-CAL133, OnCallStool-Material-CAL133, ReAlign-Material-CAL133, ReAlignStool-Material-CAL133, Relay-Material-CAL133, Rowdy-Material-CAL133, Social-Material-CAL133, TR2-Material-CAL133, TR2Stool-Material-CAL133, Movi-Material-CAL133, MoviStool-Material-CAL133, AmplifyLT-Material-CAL133, FocusLT-Material-CAL133, NovoLT-Material-CAL133
133L;Amplify-Material-CAL133, AmplifyStool-Material-CAL133, Anytime-Material-CAL133, AnytimeStool-Material-CAL133, Focus-Material-CAL133, FocusExec-Material-CAL133, FocusHD-Material-CAL133, FocusStool-Material-CAL133, FocusSide-Material-CAL133, FocusCafeStool-Material-CAL133, Freelance-Material-CAL133, FreelanceBar-Material-CAL133, FreelanceStool-Material-CAL133, Torsa-Material-CAL133, InFlex-Material-CAL133, InFlexStool-Material-CAL133, Achieve-Material-CAL133, Prava-Material-CAL133, Sona-Material-CAL133, GloveActive-Material-CAL133, GloveExec-Material-CAL133, Knack-Material-CAL133, KnackStool-Material-CAL133, NonStopHD-Material-CAL133, NonStopHDStool-Material-CAL133, Novo-Material-CAL133, NovoStool-Material-CAL133, OnCall-Material-CAL133, OnCallStool-Material-CAL133, ReAlign-Material-CAL133, ReAlignStool-Material-CAL133, Relay-Material-CAL133, Rowdy-Material-CAL133, Social-Material-CAL133, TR2-Material-CAL133, TR2Stool-Material-CAL133, Wit-Material-CAL133, WitStool-Material-CAL133, AmplifyLT-Material-CAL133, FocusLT-Material-CAL133, NovoLT-Material-CAL133
133P;InFlex-CAL133, InFlexStool-CAL133, Freelance-CAL133, Anytime-CAL133, OnCall-CAL133, Relay-CAL133, Rowdy-CAL133
RL.133F;Lumin-Material-CAL133, LuminStool-Material-CAL133, Rio-Material-CAL133, RioStool-Material-CAL133, WitSide-Material-CAL133
RL.133P;Lumin-CAL133, LuminStool-CAL133, Rio-CAL133, RioStool-CAL133, WitSide-CAL133
*MCN;
FM MC1;Focus-Back-MeshColor, FocusHD-Back-MeshColor, FocusStool-Back-MeshColor, FocusSide-Back-MeshColor, FocusCafeStool-Back-MeshColor
FM MC2;Focus-Back-MeshColor, FocusHD-Back-MeshColor, FocusStool-Back-MeshColor, FocusSide-Back-MeshColor, FocusCafeStool-Back-MeshColor
FM MC3;Focus-Back-MeshColor, FocusHD-Back-MeshColor, FocusStool-Back-MeshColor, FocusSide-Back-MeshColor, FocusCafeStool-Back-MeshColor
Color.MC5;Amplify-Back-MeshColor, AmplifyStool-Back-MeshColor, FocusSide-Back-MeshColor, FocusCafeStool-Back-MeshColor, AmplifyLT-MeshColor
Color.MC6;Amplify-Back-MeshColor, AmplifyStool-Back-MeshColor, FocusSide-Back-MeshColor, FocusCafeStool-Back-MeshColor, AmplifyLT-MeshColor
Color.MC7;Amplify-Back-MeshColor, AmplifyStool-Back-MeshColor, FocusSide-Back-MeshColor, FocusCafeStool-Back-MeshColor, AmplifyLT-MeshColor
Color.MC8;Amplify-Back-MeshColor, AmplifyStool-Back-MeshColor, FocusSide-Back-MeshColor, FocusCafeStool-Back-MeshColor, AmplifyLT-MeshColor
Color.MC9;Amplify-Back-MeshColor, AmplifyStool-Back-MeshColor, FocusSide-Back-MeshColor, FocusCafeStool-Back-MeshColor, AmplifyLT-MeshColor
Color.MC10;Amplify-Back-MeshColor, AmplifyStool-Back-MeshColor, FocusSide-Back-MeshColor, FocusCafeStool-Back-MeshColor, AmplifyLT-MeshColor
Color.MC24;Amplify-Back-MeshColor, AmplifyStool-Back-MeshColor, FocusSide-Back-MeshColor, FocusCafeStool-Back-MeshColor, AmplifyLT-MeshColor
Color.MC28;Amplify-Back-MeshColor, AmplifyStool-Back-MeshColor, FocusSide-Back-MeshColor, FocusCafeStool-Back-MeshColor, AmplifyLT-MeshColor
Color.MC30;Amplify-Back-MeshColor, AmplifyStool-Back-MeshColor, FocusSide-Back-MeshColor, FocusCafeStool-Back-MeshColor, AmplifyLT-MeshColor
Color.MC31;Amplify-Back-MeshColor, AmplifyStool-Back-MeshColor, FocusSide-Back-MeshColor, FocusCafeStool-Back-MeshColor, AmplifyLT-MeshColor
MC1;FocusExec-Back-MeshColor, FocusLT-MeshColor
MC2;FocusExec-Back-MeshColor, FocusLT-MeshColor
MC3;FocusExec-Back-MeshColor, FocusLT-MeshColor
MC5;Torsa-Back-MeshColor, Social-MeshColor
MC6;Torsa-Back-MeshColor, Social-MeshColor
MC7;Torsa-Back-MeshColor, Social-MeshColor
MC8;Torsa-Back-MeshColor
MC9;Torsa-Back-MeshColor, Social-MeshColor
MC10;Torsa-Back-MeshColor, Social-MeshColor
MC13;Torsa-Back-MeshColor, Social-MeshColor
MC14;Torsa-Back-MeshColor
MC15;Torsa-Back-MeshColor
MC16;Torsa-Back-MeshColor
MC20;Wit-Back-MeshColor, Wit-Back-ThintexColor, WitStool-Back-MeshColor, WitStool-Back-ThintexColor, Novo-Back-MeshColor, NovoStool-Back-MeshColor, WitSide-MeshColor, WitSide-ThintexColor, Movi-Back-MeshColor, MoviStool-Back-MeshColor, NovoLT-Back-MeshColor
MC21;Wit-Back-MeshColor, Wit-Back-ThintexColor, WitStool-Back-MeshColor, WitStool-Back-ThintexColor, Novo-Back-MeshColor, NovoStool-Back-MeshColor, WitSide-MeshColor, WitSide-ThintexColor, Movi-Back-MeshColor, MoviStool-Back-MeshColor, NovoLT-Back-MeshColor
MC22;Wit-Back-MeshColor, Wit-Back-ThintexColor, WitStool-Back-MeshColor, WitStool-Back-ThintexColor, Novo-Back-MeshColor, NovoStool-Back-MeshColor, WitSide-MeshColor, WitSide-ThintexColor, Movi-Back-MeshColor, MoviStool-Back-MeshColor, NovoLT-Back-MeshColor
MC23;Wit-Back-MeshColor, Wit-Back-ThintexColor, WitStool-Back-MeshColor, WitStool-Back-ThintexColor, Novo-Back-MeshColor, NovoStool-Back-MeshColor, WitSide-MeshColor, WitSide-ThintexColor, Movi-Back-MeshColor, MoviStool-Back-MeshColor, NovoLT-Back-MeshColor
MC24;Wit-Back-MeshColor, Wit-Back-ThintexColor, WitStool-Back-MeshColor, WitStool-Back-ThintexColor, Novo-Back-MeshColor, NovoStool-Back-MeshColor, WitSide-MeshColor, WitSide-ThintexColor, Movi-Back-MeshColor, MoviStool-Back-MeshColor, NovoLT-Back-MeshColor
MC25;Wit-Back-MeshColor, Wit-Back-ThintexColor, WitStool-Back-MeshColor, WitStool-Back-ThintexColor, Novo-Back-MeshColor, NovoStool-Back-MeshColor, WitSide-MeshColor, WitSide-ThintexColor, Movi-Back-MeshColor, MoviStool-Back-MeshColor, NovoLT-Back-MeshColor
MC26;Wit-Back-MeshColor, Wit-Back-ThintexColor, WitStool-Back-MeshColor, WitStool-Back-ThintexColor, Novo-Back-MeshColor, NovoStool-Back-MeshColor, WitSide-MeshColor, WitSide-ThintexColor, Movi-Back-MeshColor, MoviStool-Back-MeshColor, NovoLT-Back-MeshColor
MC27;Wit-Back-MeshColor, Wit-Back-ThintexColor, WitStool-Back-MeshColor, WitStool-Back-ThintexColor, Novo-Back-MeshColor, NovoStool-Back-MeshColor, WitSide-MeshColor, WitSide-ThintexColor, Movi-Back-MeshColor, MoviStool-Back-MeshColor, NovoLT-Back-MeshColor
MC28;Wit-Back-MeshColor, Wit-Back-ThintexColor, WitStool-Back-MeshColor, WitStool-Back-ThintexColor, Novo-Back-MeshColor, NovoStool-Back-MeshColor, WitSide-MeshColor, WitSide-ThintexColor, Movi-Back-MeshColor, MoviStool-Back-MeshColor, NovoLT-Back-MeshColor
MC29;Wit-Back-MeshColor, Wit-Back-ThintexColor, WitStool-Back-MeshColor, WitStool-Back-ThintexColor, Novo-Back-MeshColor, NovoStool-Back-MeshColor, WitSide-MeshColor, WitSide-ThintexColor, Movi-Back-MeshColor, MoviStool-Back-MeshColor, NovoLT-Back-MeshColor
MC30;Wit-Back-MeshColor, Wit-Back-ThintexColor, WitStool-Back-MeshColor, WitStool-Back-ThintexColor, Novo-Back-MeshColor, NovoStool-Back-MeshColor, WitSide-MeshColor, WitSide-ThintexColor, Movi-Back-MeshColor, MoviStool-Back-MeshColor, NovoLT-Back-MeshColor
MC31;Wit-Back-MeshColor, Wit-Back-ThintexColor, WitStool-Back-MeshColor, WitStool-Back-ThintexColor, Novo-Back-MeshColor, NovoStool-Back-MeshColor, WitSide-MeshColor, WitSide-ThintexColor, Movi-Back-MeshColor, MoviStool-Back-MeshColor, NovoLT-Back-MeshColor
MC33;Focus-Back-MeshColor, FocusHD-Back-MeshColor, FocusStool-Back-MeshColor, FocusLT-MeshColor
MC34;Focus-Back-MeshColor, FocusHD-Back-MeshColor, FocusStool-Back-MeshColor, FocusLT-MeshColor
SM MC33;FocusSide-Back-MeshColor, FocusCafeStool-Back-MeshColor
SM MC34;FocusSide-Back-MeshColor, FocusCafeStool-Back-MeshColor
KP10;Sona-Back-KnitColor
KP11;Sona-Back-KnitColor
KP12;Sona-Back-KnitColor
KP13;Sona-Back-KnitColor
KP14;Sona-Back-KnitColor
KP15;Sona-Back-KnitColor
KP16;Sona-Back-KnitColor
KP20;Sona-Back-KnitColor
KP21;Sona-Back-KnitColor
KP22;Sona-Back-KnitColor
KP23;Sona-Back-KnitColor
SC1;InFlex-ShellColor, InFlexStool-ShellColor, Lumin-ShellColor, LuminStool-ShellColor, Rio-ShellColor, RioStool-ShellColor, Anytime-ShellColor, AnytimeStool-ShellColor, OnCall-ShellColor, OnCallStool-ShellColor, Relay-ShellColor, RelayStool-ShellColor, Rowdy-ShellColor, WitSide-ShellColor, Freelance-Shell-ShellColor, FreelanceStool-Shell-ShellColor
SC4;InFlex-ShellColor, InFlexStool-ShellColor, Lumin-ShellColor, LuminStool-ShellColor, Rio-ShellColor, RioStool-ShellColor, Freelance-Shell-ShellColor, FreelanceStool-Shell-ShellColor, Anytime-ShellColor, AnytimeStool-ShellColor, OnCall-ShellColor, OnCallStool-ShellColor, Relay-ShellColor, RelayStool-ShellColor, Rowdy-ShellColor, WitSide-ShellColor
SC5;InFlex-ShellColor, InFlexStool-ShellColor, Lumin-ShellColor, LuminStool-ShellColor, Rio-ShellColor, RioStool-ShellColor, Freelance-Shell-ShellColor, FreelanceStool-Shell-ShellColor, Anytime-ShellColor, AnytimeStool-ShellColor, OnCall-ShellColor,  OnCallStool-ShellColor, Relay-ShellColor, RelayStool-ShellColor, Rowdy-ShellColor, WitSide-ShellColor
SC6;
SC7;InFlex-ShellColor, InFlexStool-ShellColor, Lumin-ShellColor, LuminStool-ShellColor, Rio-ShellColor, RioStool-ShellColor, Rowdy-ShellColor
SC8;InFlex-ShellColor, InFlexStool-ShellColor, Lumin-ShellColor, LuminStool-ShellColor, Rio-ShellColor, RioStool-ShellColor, Anytime-ShellColor, AnytimeStool-ShellColor, OnCall-ShellColor, OnCallStool-ShellColor, Relay-ShellColor, RelayStool-ShellColor, Rowdy-ShellColor, WitSide-ShellColor, Freelance-Shell-ShellColor, FreelanceStool-Shell-ShellColor
SC9;
SC10;
SC11;
SC12;
SC13;
SC14;
SC15;InFlex-ShellColor, InFlexStool-ShellColor, Lumin-ShellColor, LuminStool-ShellColor, Rio-ShellColor, RioStool-ShellColor, Freelance-Shell-ShellColor, FreelanceStool-Shell-ShellColor, Anytime-ShellColor, AnytimeStool-ShellColor, OnCall-ShellColor, OnCallStool-ShellColor, Relay-ShellColor, RelayStool-ShellColor, Rowdy-ShellColor, WitSide-ShellColor
SC16;
SC17;
SC18;InFlex-ShellColor, InFlexStool-ShellColor, Lumin-ShellColor, LuminStool-ShellColor, Rio-ShellColor, RioStool-ShellColor, Freelance-Shell-ShellColor, FreelanceStool-Shell-ShellColor, Anytime-ShellColor, AnytimeStool-ShellColor, OnCall-ShellColor, OnCallStool-ShellColor, Relay-ShellColor, RelayStool-ShellColor, Rowdy-ShellColor, WitSide-ShellColor
SC19;InFlex-ShellColor, InFlexStool-ShellColor, Lumin-ShellColor, LuminStool-ShellColor, Rio-ShellColor, RioStool-ShellColor, Freelance-Shell-ShellColor, FreelanceStool-Shell-ShellColor, Anytime-ShellColor, AnytimeStool-ShellColor, OnCall-ShellColor, OnCallStool-ShellColor, Relay-ShellColor, RelayStool-ShellColor, Rowdy-ShellColor, WitSide-ShellColor
SC20;InFlex-ShellColor, InFlexStool-ShellColor, Lumin-ShellColor, LuminStool-ShellColor, Rio-ShellColor, RioStool-ShellColor, Rowdy-ShellColor, Freelance-Shell-ShellColor, FreelanceStool-Shell-ShellColor, Anytime-ShellColor, AnytimeStool-ShellColor, OnCall-ShellColor, OnCallStool-ShellColor, Relay-ShellColor, RelayStool-ShellColor, WitSide-ShellColor
SC21;InFlex-ShellColor, InFlexStool-ShellColor, Lumin-ShellColor, LuminStool-ShellColor, Rio-ShellColor, RioStool-ShellColor, Rowdy-ShellColor, Freelance-Shell-ShellColor, FreelanceStool-Shell-ShellColor, Anytime-ShellColor, AnytimeStool-ShellColor, OnCall-ShellColor, OnCallStool-ShellColor, Relay-ShellColor, RelayStool-ShellColor, WitSide-ShellColor
SC22;InFlex-ShellColor, InFlexStool-ShellColor, Lumin-ShellColor, LuminStool-ShellColor, Rio-ShellColor, RioStool-ShellColor, Rowdy-ShellColor
SC23;InFlex-ShellColor, InFlexStool-ShellColor, Lumin-ShellColor, LuminStool-ShellColor, Rio-ShellColor, RioStool-ShellColor, Rowdy-ShellColor
SC24;InFlex-ShellColor, InFlexStool-ShellColor, Lumin-ShellColor, LuminStool-ShellColor, Rio-ShellColor, RioStool-ShellColor, Rowdy-ShellColor
SC25;InFlex-ShellColor, InFlexStool-ShellColor, Lumin-ShellColor, LuminStool-ShellColor, Rio-ShellColor, RioStool-ShellColor, Rowdy-ShellColor
Movi.SC1;Movi-Back-FrameColor, MoviStool-Back-FrameColor
Movi.SC26;Movi-Back-FrameColor, MoviStool-Back-FrameColor
Movi.SC27;Movi-Back-FrameColor, MoviStool-Back-FrameColor
GRP1.COM;InFlex-Material-US-Textile, InFlexStool-Material-US-Textile, Lumin-Material-US-Textile, LuminStool-Material-US-Textile, Rio-Material-US-Textile, RioStool-Material-US-Textile, FocusSide-Material-US-Textile, FocusCafeStool-Material-US-Textile, Freelance-Material-US-Textile, FreelanceStool-Material-US-Textile, Achieve-Material-US-Textile, Anytime-Material-Textile-US, AnytimeStool-Material-Textile-US, OnCall-Material-US-Textile, OnCallStool-Material-US-Textile, Relay-Material-US-Textile, Rowdy-Material-US-Textile, Social-Material-US-Textile, WitSide-Material-Textile, Movi-Material-Textile, MoviStool-Material-Textile
GRP1.COL;InFlex-Material-US-Textile, InFlexStool-Material-US-Textile, Lumin-Material-US-Textile, LuminStool-Material-US-Textile, Rio-Material-US-Textile, RioStool-Material-US-Textile, FocusSide-Material-US-Textile, FocusCafeStool-Material-US-Textile, Freelance-Material-US-Textile, FreelanceStool-Material-US-Textile, Achieve-Material-US-Textile, Anytime-Material-Textile-US, AnytimeStool-Material-Textile-US, OnCall-Material-US-Textile, OnCallStool-Material-US-Textile, Relay-Material-US-Textile, Rowdy-Material-US-Textile, Social-Material-US-Textile, WitSide-Material-Textile, Movi-Material-Textile, MoviStool-Material-Textile
GRP1.FG1;InFlex-Material-US-Textile, InFlexStool-Material-US-Textile, Lumin-Material-US-Textile, LuminStool-Material-US-Textile, Rio-Material-US-Textile, RioStool-Material-US-Textile, FocusSide-Material-US-Textile, FocusCafeStool-Material-US-Textile, Freelance-Material-US-Textile, FreelanceStool-Material-US-Textile, Achieve-Material-US-Textile, Anytime-Material-Textile-US, AnytimeStool-Material-Textile-US, OnCall-Material-US-Textile, OnCallStool-Material-US-Textile, Relay-Material-US-Textile, Rowdy-Material-US-Textile, Social-Material-US-Textile, WitSide-Material-Textile, Movi-Material-Textile, MoviStool-Material-Textile
GRP1.FG2;InFlex-Material-US-Textile, InFlexStool-Material-US-Textile, Lumin-Material-US-Textile, LuminStool-Material-US-Textile, Rio-Material-US-Textile, RioStool-Material-US-Textile, FocusSide-Material-US-Textile, FocusCafeStool-Material-US-Textile, Freelance-Material-US-Textile, FreelanceStool-Material-US-Textile, Achieve-Material-US-Textile, Anytime-Material-Textile-US, AnytimeStool-Material-Textile-US, OnCall-Material-US-Textile, OnCallStool-Material-US-Textile, Relay-Material-US-Textile, Rowdy-Material-US-Textile, Social-Material-US-Textile, WitSide-Material-Textile, Movi-Material-Textile, MoviStool-Material-Textile
GRP1.FG3;InFlex-Material-US-Textile, InFlexStool-Material-US-Textile, Lumin-Material-US-Textile, LuminStool-Material-US-Textile, Rio-Material-US-Textile, RioStool-Material-US-Textile, FocusSide-Material-US-Textile, FocusCafeStool-Material-US-Textile, Freelance-Material-US-Textile, FreelanceStool-Material-US-Textile, Achieve-Material-US-Textile, Anytime-Material-Textile-US, AnytimeStool-Material-Textile-US, OnCall-Material-US-Textile, OnCallStool-Material-US-Textile, Relay-Material-US-Textile, Rowdy-Material-US-Textile, Social-Material-US-Textile, WitSide-Material-Textile, Movi-Material-Textile, MoviStool-Material-Textile
GRP1.FG4;InFlex-Material-US-Textile, InFlexStool-Material-US-Textile, Lumin-Material-US-Textile, LuminStool-Material-US-Textile, Rio-Material-US-Textile, RioStool-Material-US-Textile, FocusSide-Material-US-Textile, FocusCafeStool-Material-US-Textile, Freelance-Material-US-Textile, FreelanceStool-Material-US-Textile, Achieve-Material-US-Textile, Anytime-Material-Textile-US, AnytimeStool-Material-Textile-US, OnCall-Material-US-Textile, OnCallStool-Material-US-Textile, Relay-Material-US-Textile, Rowdy-Material-US-Textile, Social-Material-US-Textile, WitSide-Material-Textile, Movi-Material-Textile, MoviStool-Material-Textile
GRP1.FG5;InFlex-Material-US-Textile, InFlexStool-Material-US-Textile, Lumin-Material-US-Textile, LuminStool-Material-US-Textile, Rio-Material-US-Textile, RioStool-Material-US-Textile, FocusSide-Material-US-Textile, FocusCafeStool-Material-US-Textile, Freelance-Material-US-Textile, FreelanceStool-Material-US-Textile, Achieve-Material-US-Textile, Anytime-Material-Textile-US, AnytimeStool-Material-Textile-US, OnCall-Material-US-Textile, OnCallStool-Material-US-Textile, Relay-Material-US-Textile, Rowdy-Material-US-Textile, Social-Material-US-Textile, WitSide-Material-Textile, Movi-Material-Textile, MoviStool-Material-Textile
GRP1.FG6;InFlex-Material-US-Textile, InFlexStool-Material-US-Textile, Lumin-Material-US-Textile, LuminStool-Material-US-Textile, Rio-Material-US-Textile, RioStool-Material-US-Textile, FocusSide-Material-US-Textile, FocusCafeStool-Material-US-Textile, Freelance-Material-US-Textile, FreelanceStool-Material-US-Textile, Achieve-Material-US-Textile, Anytime-Material-Textile-US, AnytimeStool-Material-Textile-US, OnCall-Material-US-Textile, OnCallStool-Material-US-Textile, Relay-Material-US-Textile, Rowdy-Material-US-Textile, Social-Material-US-Textile, WitSide-Material-Textile, Movi-Material-Textile, MoviStool-Material-Textile
GRP1.FG7;InFlex-Material-US-Textile, InFlexStool-Material-US-Textile, Lumin-Material-US-Textile, LuminStool-Material-US-Textile, Rio-Material-US-Textile, RioStool-Material-US-Textile, FocusSide-Material-US-Textile, FocusCafeStool-Material-US-Textile, Freelance-Material-US-Textile, FreelanceStool-Material-US-Textile, Achieve-Material-US-Textile, Anytime-Material-Textile-US, AnytimeStool-Material-Textile-US, OnCall-Material-US-Textile, OnCallStool-Material-US-Textile, Relay-Material-US-Textile, Rowdy-Material-US-Textile, Social-Material-US-Textile, WitSide-Material-Textile, Movi-Material-Textile, MoviStool-Material-Textile
GRP1.VG1;InFlex-Material-US-Textile, InFlexStool-Material-US-Textile, Lumin-Material-US-Textile, LuminStool-Material-US-Textile, Rio-Material-US-Textile, RioStool-Material-US-Textile, FocusSide-Material-US-Textile, FocusCafeStool-Material-US-Textile, Freelance-Material-US-Textile, FreelanceStool-Material-US-Textile, Achieve-Material-US-Textile, Anytime-Material-Textile-US, AnytimeStool-Material-Textile-US, OnCall-Material-US-Textile, OnCallStool-Material-US-Textile, Relay-Material-US-Textile, Rowdy-Material-US-Textile, Social-Material-US-Textile, WitSide-Material-Textile, Movi-Material-Textile, MoviStool-Material-Textile
GRP1.VG2;InFlex-Material-US-Textile, InFlexStool-Material-US-Textile, Lumin-Material-US-Textile, LuminStool-Material-US-Textile, Rio-Material-US-Textile, RioStool-Material-US-Textile, FocusSide-Material-US-Textile, FocusCafeStool-Material-US-Textile, Freelance-Material-US-Textile, FreelanceStool-Material-US-Textile, Achieve-Material-US-Textile, Anytime-Material-Textile-US, AnytimeStool-Material-Textile-US, OnCall-Material-US-Textile, OnCallStool-Material-US-Textile, Relay-Material-US-Textile, Rowdy-Material-US-Textile, Social-Material-US-Textile, WitSide-Material-Textile, Movi-Material-Textile, MoviStool-Material-Textile
GRP1.VG3;InFlex-Material-US-Textile, InFlexStool-Material-US-Textile, Lumin-Material-US-Textile, LuminStool-Material-US-Textile, Rio-Material-US-Textile, RioStool-Material-US-Textile, FocusSide-Material-US-Textile, FocusCafeStool-Material-US-Textile, Freelance-Material-US-Textile, FreelanceStool-Material-US-Textile, Achieve-Material-US-Textile, Anytime-Material-Textile-US, AnytimeStool-Material-Textile-US, OnCall-Material-US-Textile, OnCallStool-Material-US-Textile, Relay-Material-US-Textile, Rowdy-Material-US-Textile, Social-Material-US-Textile, WitSide-Material-Textile, Movi-Material-Textile, MoviStool-Material-Textile
GRP1.VG4;InFlex-Material-US-Textile, InFlexStool-Material-US-Textile, Lumin-Material-US-Textile, LuminStool-Material-US-Textile, Rio-Material-US-Textile, RioStool-Material-US-Textile, FocusSide-Material-US-Textile, FocusCafeStool-Material-US-Textile, Freelance-Material-US-Textile, FreelanceStool-Material-US-Textile, Achieve-Material-US-Textile, Anytime-Material-Textile-US, AnytimeStool-Material-Textile-US, OnCall-Material-US-Textile, OnCallStool-Material-US-Textile, Relay-Material-US-Textile, Rowdy-Material-US-Textile, Social-Material-US-Textile, WitSide-Material-Textile, Movi-Material-Textile, MoviStool-Material-Textile
GRP1.VG5;InFlex-Material-US-Textile, InFlexStool-Material-US-Textile, Lumin-Material-US-Textile, LuminStool-Material-US-Textile, Rio-Material-US-Textile, RioStool-Material-US-Textile, FocusSide-Material-US-Textile, FocusCafeStool-Material-US-Textile, Freelance-Material-US-Textile, FreelanceStool-Material-US-Textile, Achieve-Material-US-Textile, Anytime-Material-Textile-US, AnytimeStool-Material-Textile-US, OnCall-Material-US-Textile, OnCallStool-Material-US-Textile, Relay-Material-US-Textile, Rowdy-Material-US-Textile, Social-Material-US-Textile, WitSide-Material-Textile, Movi-Material-Textile, MoviStool-Material-Textile
GRP1.VG6;InFlex-Material-US-Textile, InFlexStool-Material-US-Textile, Lumin-Material-US-Textile, LuminStool-Material-US-Textile, Rio-Material-US-Textile, RioStool-Material-US-Textile, FocusSide-Material-US-Textile, FocusCafeStool-Material-US-Textile, Freelance-Material-US-Textile, FreelanceStool-Material-US-Textile, Achieve-Material-US-Textile, Anytime-Material-Textile-US, AnytimeStool-Material-Textile-US, OnCall-Material-US-Textile, OnCallStool-Material-US-Textile, Relay-Material-US-Textile, Rowdy-Material-US-Textile, Social-Material-US-Textile, WitSide-Material-Textile, Movi-Material-Textile, MoviStool-Material-Textile
GRP1.VG7;InFlex-Material-US-Textile, InFlexStool-Material-US-Textile, Lumin-Material-US-Textile, LuminStool-Material-US-Textile, Rio-Material-US-Textile, RioStool-Material-US-Textile, FocusSide-Material-US-Textile, FocusCafeStool-Material-US-Textile, Freelance-Material-US-Textile, FreelanceStool-Material-US-Textile, Achieve-Material-US-Textile, Anytime-Material-Textile-US, AnytimeStool-Material-Textile-US, OnCall-Material-US-Textile, OnCallStool-Material-US-Textile, Relay-Material-US-Textile, Rowdy-Material-US-Textile, Social-Material-US-Textile, WitSide-Material-Textile, Movi-Material-Textile, MoviStool-Material-Textile
GRP1.L1;InFlex-Material-US-Textile, InFlexStool-Material-US-Textile, Lumin-Material-US-Textile, LuminStool-Material-US-Textile, Rio-Material-US-Textile, RioStool-Material-US-Textile, FocusSide-Material-US-Textile, FocusCafeStool-Material-US-Textile, Freelance-Material-US-Textile, FreelanceStool-Material-US-Textile, Achieve-Material-US-Textile, Anytime-Material-Textile-US, AnytimeStool-Material-Textile-US, OnCall-Material-US-Textile, OnCallStool-Material-US-Textile, Relay-Material-US-Textile, Rowdy-Material-US-Textile, Social-Material-US-Textile, WitSide-Material-Textile, Movi-Material-Textile, MoviStool-Material-Textile
GRP1.L2;InFlex-Material-US-Textile, InFlexStool-Material-US-Textile, Lumin-Material-US-Textile, LuminStool-Material-US-Textile, Rio-Material-US-Textile, RioStool-Material-US-Textile, FocusSide-Material-US-Textile, FocusCafeStool-Material-US-Textile, Freelance-Material-US-Textile, FreelanceStool-Material-US-Textile, Achieve-Material-US-Textile, Anytime-Material-Textile-US, AnytimeStool-Material-Textile-US, OnCall-Material-US-Textile, OnCallStool-Material-US-Textile, Relay-Material-US-Textile, Rowdy-Material-US-Textile, Social-Material-US-Textile, WitSide-Material-Textile, Movi-Material-Textile, MoviStool-Material-Textile
GRP1.L3;InFlex-Material-US-Textile, InFlexStool-Material-US-Textile, Lumin-Material-US-Textile, LuminStool-Material-US-Textile, Rio-Material-US-Textile, RioStool-Material-US-Textile, FocusSide-Material-US-Textile, FocusCafeStool-Material-US-Textile, Freelance-Material-US-Textile, FreelanceStool-Material-US-Textile, Achieve-Material-US-Textile, Anytime-Material-Textile-US, AnytimeStool-Material-Textile-US, OnCall-Material-US-Textile, OnCallStool-Material-US-Textile, Relay-Material-US-Textile, Rowdy-Material-US-Textile, Social-Material-US-Textile, WitSide-Material-Textile, Movi-Material-Textile, MoviStool-Material-Textile
GRP2.COM;InFlex-Material-UP-Textile, InFlexStool-Material-UP-Textile, Lumin-Material-UP-Textile, LuminStool-Material-UP-Textile, Rio-Material-UP-Textile, RioStool-Material-UP-Textile, FocusSide-Material-UP-Textile, FocusCafeStool-Material-UP-Textile, Freelance-Material-UP-Textile, FreelanceStool-Material-UP-Textile, Achieve-Material-UP-Textile, Anytime-Material-Textile-UP, AnytimeStool-Material-Textile-UP, OnCall-Material-UP-Textile, OnCallStool-Material-UP-Textile, Relay-Material-UP-Textile
GRP2.COL;InFlex-Material-UP-Textile, InFlexStool-Material-UP-Textile, Lumin-Material-UP-Textile, LuminStool-Material-UP-Textile, Rio-Material-UP-Textile, RioStool-Material-UP-Textile, FocusSide-Material-UP-Textile, FocusCafeStool-Material-UP-Textile, Freelance-Material-UP-Textile, FreelanceStool-Material-UP-Textile, Achieve-Material-UP-Textile, Anytime-Material-Textile-UP, AnytimeStool-Material-Textile-UP, OnCall-Material-UP-Textile, OnCallStool-Material-UP-Textile, Relay-Material-UP-Textile
GRP2.FG1;InFlex-Material-UP-Textile, InFlexStool-Material-UP-Textile, Lumin-Material-UP-Textile, LuminStool-Material-UP-Textile, Rio-Material-UP-Textile, RioStool-Material-UP-Textile, FocusSide-Material-UP-Textile, FocusCafeStool-Material-UP-Textile, Freelance-Material-UP-Textile, FreelanceStool-Material-UP-Textile, Achieve-Material-UP-Textile, Anytime-Material-Textile-UP, AnytimeStool-Material-Textile-UP, OnCall-Material-UP-Textile, OnCallStool-Material-UP-Textile, Relay-Material-UP-Textile
GRP2.FG2;InFlex-Material-UP-Textile, InFlexStool-Material-UP-Textile, Lumin-Material-UP-Textile, LuminStool-Material-UP-Textile, Rio-Material-UP-Textile, RioStool-Material-UP-Textile, FocusSide-Material-UP-Textile, FocusCafeStool-Material-UP-Textile, Freelance-Material-UP-Textile, FreelanceStool-Material-UP-Textile, Achieve-Material-UP-Textile, Anytime-Material-Textile-UP, AnytimeStool-Material-Textile-UP, OnCall-Material-UP-Textile, OnCallStool-Material-UP-Textile, Relay-Material-UP-Textile
GRP2.FG3;InFlex-Material-UP-Textile, InFlexStool-Material-UP-Textile, Lumin-Material-UP-Textile, LuminStool-Material-UP-Textile, Rio-Material-UP-Textile, RioStool-Material-UP-Textile, FocusSide-Material-UP-Textile, FocusCafeStool-Material-UP-Textile, Freelance-Material-UP-Textile, FreelanceStool-Material-UP-Textile, Achieve-Material-UP-Textile, Anytime-Material-Textile-UP, AnytimeStool-Material-Textile-UP, OnCall-Material-UP-Textile, OnCallStool-Material-UP-Textile, Relay-Material-UP-Textile
GRP2.FG4;InFlex-Material-UP-Textile, InFlexStool-Material-UP-Textile, Lumin-Material-UP-Textile, LuminStool-Material-UP-Textile, Rio-Material-UP-Textile, RioStool-Material-UP-Textile, FocusSide-Material-UP-Textile, FocusCafeStool-Material-UP-Textile, Freelance-Material-UP-Textile, FreelanceStool-Material-UP-Textile, Achieve-Material-UP-Textile, Anytime-Material-Textile-UP, AnytimeStool-Material-Textile-UP, OnCall-Material-UP-Textile, OnCallStool-Material-UP-Textile, Relay-Material-UP-Textile
GRP2.FG5;InFlex-Material-UP-Textile, InFlexStool-Material-UP-Textile, Lumin-Material-UP-Textile, LuminStool-Material-UP-Textile, Rio-Material-UP-Textile, RioStool-Material-UP-Textile, FocusSide-Material-UP-Textile, FocusCafeStool-Material-UP-Textile, Freelance-Material-UP-Textile, FreelanceStool-Material-UP-Textile, Achieve-Material-UP-Textile, Anytime-Material-Textile-UP, AnytimeStool-Material-Textile-UP, OnCall-Material-UP-Textile, OnCallStool-Material-UP-Textile, Relay-Material-UP-Textile
GRP2.FG6;InFlex-Material-UP-Textile, InFlexStool-Material-UP-Textile, Lumin-Material-UP-Textile, LuminStool-Material-UP-Textile, Rio-Material-UP-Textile, RioStool-Material-UP-Textile, FocusSide-Material-UP-Textile, FocusCafeStool-Material-UP-Textile, Freelance-Material-UP-Textile, FreelanceStool-Material-UP-Textile, Achieve-Material-UP-Textile, Anytime-Material-Textile-UP, AnytimeStool-Material-Textile-UP, OnCall-Material-UP-Textile, OnCallStool-Material-UP-Textile, Relay-Material-UP-Textile
GRP2.FG7;InFlex-Material-UP-Textile, InFlexStool-Material-UP-Textile, Lumin-Material-UP-Textile, LuminStool-Material-UP-Textile, Rio-Material-UP-Textile, RioStool-Material-UP-Textile, FocusSide-Material-UP-Textile, FocusCafeStool-Material-UP-Textile, Freelance-Material-UP-Textile, FreelanceStool-Material-UP-Textile, Achieve-Material-UP-Textile, Anytime-Material-Textile-UP, AnytimeStool-Material-Textile-UP, OnCall-Material-UP-Textile, OnCallStool-Material-UP-Textile, Relay-Material-UP-Textile
GRP2.VG1;InFlex-Material-UP-Textile, InFlexStool-Material-UP-Textile, Lumin-Material-UP-Textile, LuminStool-Material-UP-Textile, Rio-Material-UP-Textile, RioStool-Material-UP-Textile, FocusSide-Material-UP-Textile, FocusCafeStool-Material-UP-Textile, Freelance-Material-UP-Textile, FreelanceStool-Material-UP-Textile, Achieve-Material-UP-Textile, Anytime-Material-Textile-UP, AnytimeStool-Material-Textile-UP, OnCall-Material-UP-Textile, OnCallStool-Material-UP-Textile, Relay-Material-UP-Textile
GRP2.VG2;InFlex-Material-UP-Textile, InFlexStool-Material-UP-Textile, Lumin-Material-UP-Textile, LuminStool-Material-UP-Textile, Rio-Material-UP-Textile, RioStool-Material-UP-Textile, FocusSide-Material-UP-Textile, FocusCafeStool-Material-UP-Textile, Freelance-Material-UP-Textile, FreelanceStool-Material-UP-Textile, Achieve-Material-UP-Textile, Anytime-Material-Textile-UP, AnytimeStool-Material-Textile-UP, OnCall-Material-UP-Textile, OnCallStool-Material-UP-Textile, Relay-Material-UP-Textile
GRP2.VG3;InFlex-Material-UP-Textile, InFlexStool-Material-UP-Textile, Lumin-Material-UP-Textile, LuminStool-Material-UP-Textile, Rio-Material-UP-Textile, RioStool-Material-UP-Textile, FocusSide-Material-UP-Textile, FocusCafeStool-Material-UP-Textile, Freelance-Material-UP-Textile, FreelanceStool-Material-UP-Textile, Achieve-Material-UP-Textile, Anytime-Material-Textile-UP, AnytimeStool-Material-Textile-UP, OnCall-Material-UP-Textile, OnCallStool-Material-UP-Textile, Relay-Material-UP-Textile
GRP2.VG4;InFlex-Material-UP-Textile, InFlexStool-Material-UP-Textile, Lumin-Material-UP-Textile, LuminStool-Material-UP-Textile, Rio-Material-UP-Textile, RioStool-Material-UP-Textile, FocusSide-Material-UP-Textile, FocusCafeStool-Material-UP-Textile, Freelance-Material-UP-Textile, FreelanceStool-Material-UP-Textile, Achieve-Material-UP-Textile, Anytime-Material-Textile-UP, AnytimeStool-Material-Textile-UP, OnCall-Material-UP-Textile, OnCallStool-Material-UP-Textile, Relay-Material-UP-Textile
GRP2.VG5;InFlex-Material-UP-Textile, InFlexStool-Material-UP-Textile, Lumin-Material-UP-Textile, LuminStool-Material-UP-Textile, Rio-Material-UP-Textile, RioStool-Material-UP-Textile, FocusSide-Material-UP-Textile, FocusCafeStool-Material-UP-Textile, Freelance-Material-UP-Textile, FreelanceStool-Material-UP-Textile, Achieve-Material-UP-Textile, Anytime-Material-Textile-UP, AnytimeStool-Material-Textile-UP, OnCall-Material-UP-Textile, OnCallStool-Material-UP-Textile, Relay-Material-UP-Textile
GRP2.VG6;InFlex-Material-UP-Textile, InFlexStool-Material-UP-Textile, Lumin-Material-UP-Textile, LuminStool-Material-UP-Textile, Rio-Material-UP-Textile, RioStool-Material-UP-Textile, FocusSide-Material-UP-Textile, FocusCafeStool-Material-UP-Textile, Freelance-Material-UP-Textile, FreelanceStool-Material-UP-Textile, Achieve-Material-UP-Textile, Anytime-Material-Textile-UP, AnytimeStool-Material-Textile-UP, OnCall-Material-UP-Textile, OnCallStool-Material-UP-Textile, Relay-Material-UP-Textile
GRP2.VG7;InFlex-Material-UP-Textile, InFlexStool-Material-UP-Textile, Lumin-Material-UP-Textile, LuminStool-Material-UP-Textile, Rio-Material-UP-Textile, RioStool-Material-UP-Textile, FocusSide-Material-UP-Textile, FocusCafeStool-Material-UP-Textile, Freelance-Material-UP-Textile, FreelanceStool-Material-UP-Textile, Achieve-Material-UP-Textile, Anytime-Material-Textile-UP, AnytimeStool-Material-Textile-UP, OnCall-Material-UP-Textile, OnCallStool-Material-UP-Textile, Relay-Material-UP-Textile
GRP2.L1;InFlex-Material-UP-Textile, InFlexStool-Material-UP-Textile, Lumin-Material-UP-Textile, LuminStool-Material-UP-Textile, Rio-Material-UP-Textile, RioStool-Material-UP-Textile, FocusSide-Material-UP-Textile, FocusCafeStool-Material-UP-Textile, Freelance-Material-UP-Textile, FreelanceStool-Material-UP-Textile, Achieve-Material-UP-Textile, Anytime-Material-Textile-UP, AnytimeStool-Material-Textile-UP, OnCall-Material-UP-Textile, OnCallStool-Material-UP-Textile, Relay-Material-UP-Textile
GRP2.L2;InFlex-Material-UP-Textile, InFlexStool-Material-UP-Textile, Lumin-Material-UP-Textile, LuminStool-Material-UP-Textile, Rio-Material-UP-Textile, RioStool-Material-UP-Textile, FocusSide-Material-UP-Textile, FocusCafeStool-Material-UP-Textile, Freelance-Material-UP-Textile, FreelanceStool-Material-UP-Textile, Achieve-Material-UP-Textile, Anytime-Material-Textile-UP, AnytimeStool-Material-Textile-UP, OnCall-Material-UP-Textile, OnCallStool-Material-UP-Textile, Relay-Material-UP-Textile
GRP2.L3;InFlex-Material-UP-Textile, InFlexStool-Material-UP-Textile, Lumin-Material-UP-Textile, LuminStool-Material-UP-Textile, Rio-Material-UP-Textile, RioStool-Material-UP-Textile, FocusSide-Material-UP-Textile, FocusCafeStool-Material-UP-Textile, Freelance-Material-UP-Textile, FreelanceStool-Material-UP-Textile, Achieve-Material-UP-Textile, Anytime-Material-Textile-UP, AnytimeStool-Material-Textile-UP, OnCall-Material-UP-Textile, OnCallStool-Material-UP-Textile, Relay-Material-UP-Textile
GRP2BN.COM;Freelance-BN-Textile, FreelanceStool-BN-Textile
GRP2BN.COL;Freelance-BN-Textile, FreelanceStool-BN-Textile
GRP2BN.FG1;Freelance-BN-Textile, FreelanceStool-BN-Textile
GRP2BN.FG2;Freelance-BN-Textile, FreelanceStool-BN-Textile
GRP2BN.FG3;Freelance-BN-Textile, FreelanceStool-BN-Textile
GRP2BN.FG4;Freelance-BN-Textile, FreelanceStool-BN-Textile
GRP2BN.FG5;Freelance-BN-Textile, FreelanceStool-BN-Textile
GRP2BN.FG6;Freelance-BN-Textile, FreelanceStool-BN-Textile
GRP2BN.FG7;Freelance-BN-Textile, FreelanceStool-BN-Textile
GRP2BN.VG1;Freelance-BN-Textile, FreelanceStool-BN-Textile
GRP2BN.VG2;Freelance-BN-Textile, FreelanceStool-BN-Textile
GRP2BN.VG3;Freelance-BN-Textile, FreelanceStool-BN-Textile
GRP2BN.VG4;Freelance-BN-Textile, FreelanceStool-BN-Textile
GRP2BN.VG5;Freelance-BN-Textile, FreelanceStool-BN-Textile
GRP2BN.VG6;Freelance-BN-Textile, FreelanceStool-BN-Textile
GRP2BN.VG7;Freelance-BN-Textile, FreelanceStool-BN-Textile
GRP2BN.L1;Freelance-BN-Textile, FreelanceStool-BN-Textile
GRP2BN.L2;Freelance-BN-Textile, FreelanceStool-BN-Textile
GRP2BN.L3;Freelance-BN-Textile, FreelanceStool-BN-Textile
GRP3.COM;Focus-Material-Textile-US, FocusExec-Material-Textile-US, FocusHD-Material-Textile-US, FocusStool-Material-Textile-US, Torsa-Material-Textile, Amplify-Material-Textile-US, AmplifyStool-Material-Textile-US, Wit-Material-Textile, WitStool-Material-Textile, Novo-Material-Textile, NovoStool-Material-Textile, AmplifyLT-Material-Textile, FocusLT-Material-Textile-US, NovoLT-Material-Textile
GRP3.COL;Focus-Material-Textile-US, FocusExec-Material-Textile-US, FocusHD-Material-Textile-US, FocusStool-Material-Textile-US, Torsa-Material-Textile, Amplify-Material-Textile-US, AmplifyStool-Material-Textile-US, Wit-Material-Textile, WitStool-Material-Textile, Novo-Material-Textile, NovoStool-Material-Textile, AmplifyLT-Material-Textile, FocusLT-Material-Textile-US, NovoLT-Material-Textile
GRP3.FG1;Focus-Material-Textile-US, FocusExec-Material-Textile-US, FocusHD-Material-Textile-US, FocusStool-Material-Textile-US, Torsa-Material-Textile, Amplify-Material-Textile-US, AmplifyStool-Material-Textile-US, Wit-Material-Textile, WitStool-Material-Textile, Novo-Material-Textile, NovoStool-Material-Textile, AmplifyLT-Material-Textile, FocusLT-Material-Textile-US, NovoLT-Material-Textile
GRP3.FG2;Focus-Material-Textile-US, FocusExec-Material-Textile-US, FocusHD-Material-Textile-US, FocusStool-Material-Textile-US, Torsa-Material-Textile, Amplify-Material-Textile-US, AmplifyStool-Material-Textile-US, Wit-Material-Textile, WitStool-Material-Textile, Novo-Material-Textile, NovoStool-Material-Textile, AmplifyLT-Material-Textile, FocusLT-Material-Textile-US, NovoLT-Material-Textile
GRP3.FG3;Focus-Material-Textile-US, FocusExec-Material-Textile-US, FocusHD-Material-Textile-US, FocusStool-Material-Textile-US, Torsa-Material-Textile, Amplify-Material-Textile-US, AmplifyStool-Material-Textile-US, Wit-Material-Textile, WitStool-Material-Textile, Novo-Material-Textile, NovoStool-Material-Textile, AmplifyLT-Material-Textile, FocusLT-Material-Textile-US, NovoLT-Material-Textile
GRP3.FG4;Focus-Material-Textile-US, FocusExec-Material-Textile-US, FocusHD-Material-Textile-US, FocusStool-Material-Textile-US, Torsa-Material-Textile, Amplify-Material-Textile-US, AmplifyStool-Material-Textile-US, Wit-Material-Textile, WitStool-Material-Textile, Novo-Material-Textile, NovoStool-Material-Textile, AmplifyLT-Material-Textile, FocusLT-Material-Textile-US, NovoLT-Material-Textile
GRP3.FG5;Focus-Material-Textile-US, FocusExec-Material-Textile-US, FocusHD-Material-Textile-US, FocusStool-Material-Textile-US, Torsa-Material-Textile, Amplify-Material-Textile-US, AmplifyStool-Material-Textile-US, Wit-Material-Textile, WitStool-Material-Textile, Novo-Material-Textile, NovoStool-Material-Textile, AmplifyLT-Material-Textile, FocusLT-Material-Textile-US, NovoLT-Material-Textile
GRP3.FG6;Focus-Material-Textile-US, FocusExec-Material-Textile-US, FocusHD-Material-Textile-US, FocusStool-Material-Textile-US, Torsa-Material-Textile, Amplify-Material-Textile-US, AmplifyStool-Material-Textile-US, Wit-Material-Textile, WitStool-Material-Textile, Novo-Material-Textile, NovoStool-Material-Textile, AmplifyLT-Material-Textile, FocusLT-Material-Textile-US, NovoLT-Material-Textile
GRP3.FG7;Focus-Material-Textile-US, FocusExec-Material-Textile-US, FocusHD-Material-Textile-US, FocusStool-Material-Textile-US, Torsa-Material-Textile, Amplify-Material-Textile-US, AmplifyStool-Material-Textile-US, Wit-Material-Textile, WitStool-Material-Textile, Novo-Material-Textile, NovoStool-Material-Textile, AmplifyLT-Material-Textile, FocusLT-Material-Textile-US, NovoLT-Material-Textile
GRP3.VG1;Focus-Material-Textile-US, FocusExec-Material-Textile-US, FocusHD-Material-Textile-US, FocusStool-Material-Textile-US, Torsa-Material-Textile, Amplify-Material-Textile-US, AmplifyStool-Material-Textile-US, Wit-Material-Textile, WitStool-Material-Textile, Novo-Material-Textile, NovoStool-Material-Textile, AmplifyLT-Material-Textile, FocusLT-Material-Textile-US, NovoLT-Material-Textile
GRP3.VG2;Focus-Material-Textile-US, FocusExec-Material-Textile-US, FocusHD-Material-Textile-US, FocusStool-Material-Textile-US, Torsa-Material-Textile, Amplify-Material-Textile-US, AmplifyStool-Material-Textile-US, Wit-Material-Textile, WitStool-Material-Textile, Novo-Material-Textile, NovoStool-Material-Textile, AmplifyLT-Material-Textile, FocusLT-Material-Textile-US, NovoLT-Material-Textile
GRP3.VG3;Focus-Material-Textile-US, FocusExec-Material-Textile-US, FocusHD-Material-Textile-US, FocusStool-Material-Textile-US, Torsa-Material-Textile, Amplify-Material-Textile-US, AmplifyStool-Material-Textile-US, Wit-Material-Textile, WitStool-Material-Textile, Novo-Material-Textile, NovoStool-Material-Textile, AmplifyLT-Material-Textile, FocusLT-Material-Textile-US, NovoLT-Material-Textile
GRP3.VG4;Focus-Material-Textile-US, FocusExec-Material-Textile-US, FocusHD-Material-Textile-US, FocusStool-Material-Textile-US, Torsa-Material-Textile, Amplify-Material-Textile-US, AmplifyStool-Material-Textile-US, Wit-Material-Textile, WitStool-Material-Textile, Novo-Material-Textile, NovoStool-Material-Textile, AmplifyLT-Material-Textile, FocusLT-Material-Textile-US, NovoLT-Material-Textile
GRP3.VG5;Focus-Material-Textile-US, FocusExec-Material-Textile-US, FocusHD-Material-Textile-US, FocusStool-Material-Textile-US, Torsa-Material-Textile, Amplify-Material-Textile-US, AmplifyStool-Material-Textile-US, Wit-Material-Textile, WitStool-Material-Textile, Novo-Material-Textile, NovoStool-Material-Textile, AmplifyLT-Material-Textile, FocusLT-Material-Textile-US, NovoLT-Material-Textile
GRP3.VG6;Focus-Material-Textile-US, FocusExec-Material-Textile-US, FocusHD-Material-Textile-US, FocusStool-Material-Textile-US, Torsa-Material-Textile, Amplify-Material-Textile-US, AmplifyStool-Material-Textile-US, Wit-Material-Textile, WitStool-Material-Textile, Novo-Material-Textile, NovoStool-Material-Textile, AmplifyLT-Material-Textile, FocusLT-Material-Textile-US, NovoLT-Material-Textile
GRP3.VG7;Focus-Material-Textile-US, FocusExec-Material-Textile-US, FocusHD-Material-Textile-US, FocusStool-Material-Textile-US, Torsa-Material-Textile, Amplify-Material-Textile-US, AmplifyStool-Material-Textile-US, Wit-Material-Textile, WitStool-Material-Textile, Novo-Material-Textile, NovoStool-Material-Textile, AmplifyLT-Material-Textile, FocusLT-Material-Textile-US, NovoLT-Material-Textile
GRP3.L1;Focus-Material-Textile-US, FocusExec-Material-Textile-US, FocusHD-Material-Textile-US, FocusStool-Material-Textile-US, Torsa-Material-Textile, Amplify-Material-Textile-US, AmplifyStool-Material-Textile-US, Wit-Material-Textile, WitStool-Material-Textile, Novo-Material-Textile, NovoStool-Material-Textile, AmplifyLT-Material-Textile, FocusLT-Material-Textile-US, NovoLT-Material-Textile
GRP3.L2;Focus-Material-Textile-US, FocusExec-Material-Textile-US, FocusHD-Material-Textile-US, FocusStool-Material-Textile-US, Torsa-Material-Textile, Amplify-Material-Textile-US, AmplifyStool-Material-Textile-US, Wit-Material-Textile, WitStool-Material-Textile, Novo-Material-Textile, NovoStool-Material-Textile, AmplifyLT-Material-Textile, FocusLT-Material-Textile-US, NovoLT-Material-Textile
GRP3.L3;Focus-Material-Textile-US, FocusExec-Material-Textile-US, FocusHD-Material-Textile-US, FocusStool-Material-Textile-US, Torsa-Material-Textile, Amplify-Material-Textile-US, AmplifyStool-Material-Textile-US, Wit-Material-Textile, WitStool-Material-Textile, Novo-Material-Textile, NovoStool-Material-Textile, AmplifyLT-Material-Textile, FocusLT-Material-Textile-US, NovoLT-Material-Textile
GRP4.COM;Focus-Material-Textile-UP, FocusExec-Material-Textile-UP, FocusHD-Material-Textile-UP, FocusStool-Material-Textile-UP, Amplify-Material-Textile-UP, AmplifyStool-Material-Textile-UP, Sona-Material-Textile, Knack-Material-Textile, KnackStool-Material-Textile, TR2-Material-Textile, TR2Stool-Material-Textile, FocusLT-Material-Textile-UP
GRP4.COL;Focus-Material-Textile-UP, FocusExec-Material-Textile-UP, FocusHD-Material-Textile-UP, FocusStool-Material-Textile-UP, Amplify-Material-Textile-UP, AmplifyStool-Material-Textile-UP, Sona-Material-Textile, Knack-Material-Textile, KnackStool-Material-Textile, TR2-Material-Textile, TR2Stool-Material-Textile, FocusLT-Material-Textile-UP
GRP4.FG1;Focus-Material-Textile-UP, FocusExec-Material-Textile-UP, FocusHD-Material-Textile-UP, FocusStool-Material-Textile-UP, Amplify-Material-Textile-UP, AmplifyStool-Material-Textile-UP, Sona-Material-Textile, Knack-Material-Textile, KnackStool-Material-Textile, TR2-Material-Textile, TR2Stool-Material-Textile, FocusLT-Material-Textile-UP
GRP4.FG2;Focus-Material-Textile-UP, FocusExec-Material-Textile-UP, FocusHD-Material-Textile-UP, FocusStool-Material-Textile-UP, Amplify-Material-Textile-UP, AmplifyStool-Material-Textile-UP, Sona-Material-Textile, Knack-Material-Textile, KnackStool-Material-Textile, TR2-Material-Textile, TR2Stool-Material-Textile, FocusLT-Material-Textile-UP
GRP4.FG3;Focus-Material-Textile-UP, FocusExec-Material-Textile-UP, FocusHD-Material-Textile-UP, FocusStool-Material-Textile-UP, Amplify-Material-Textile-UP, AmplifyStool-Material-Textile-UP, Sona-Material-Textile, Knack-Material-Textile, KnackStool-Material-Textile, TR2-Material-Textile, TR2Stool-Material-Textile, FocusLT-Material-Textile-UP
GRP4.FG4;Focus-Material-Textile-UP, FocusExec-Material-Textile-UP, FocusHD-Material-Textile-UP, FocusStool-Material-Textile-UP, Amplify-Material-Textile-UP, AmplifyStool-Material-Textile-UP, Sona-Material-Textile, Knack-Material-Textile, KnackStool-Material-Textile, TR2-Material-Textile, TR2Stool-Material-Textile, FocusLT-Material-Textile-UP
GRP4.FG5;Focus-Material-Textile-UP, FocusExec-Material-Textile-UP, FocusHD-Material-Textile-UP, FocusStool-Material-Textile-UP, Amplify-Material-Textile-UP, AmplifyStool-Material-Textile-UP, Sona-Material-Textile, Knack-Material-Textile, KnackStool-Material-Textile, TR2-Material-Textile, TR2Stool-Material-Textile, FocusLT-Material-Textile-UP
GRP4.FG6;Focus-Material-Textile-UP, FocusExec-Material-Textile-UP, FocusHD-Material-Textile-UP, FocusStool-Material-Textile-UP, Amplify-Material-Textile-UP, AmplifyStool-Material-Textile-UP, Sona-Material-Textile, Knack-Material-Textile, KnackStool-Material-Textile, TR2-Material-Textile, TR2Stool-Material-Textile, FocusLT-Material-Textile-UP
GRP4.FG7;Focus-Material-Textile-UP, FocusExec-Material-Textile-UP, FocusHD-Material-Textile-UP, FocusStool-Material-Textile-UP, Amplify-Material-Textile-UP, AmplifyStool-Material-Textile-UP, Sona-Material-Textile, Knack-Material-Textile, KnackStool-Material-Textile, TR2-Material-Textile, TR2Stool-Material-Textile, FocusLT-Material-Textile-UP
GRP4.VG1;Focus-Material-Textile-UP, FocusExec-Material-Textile-UP, FocusHD-Material-Textile-UP, FocusStool-Material-Textile-UP, Amplify-Material-Textile-UP, AmplifyStool-Material-Textile-UP, Sona-Material-Textile, Knack-Material-Textile, KnackStool-Material-Textile, TR2-Material-Textile, TR2Stool-Material-Textile, FocusLT-Material-Textile-UP
GRP4.VG2;Focus-Material-Textile-UP, FocusExec-Material-Textile-UP, FocusHD-Material-Textile-UP, FocusStool-Material-Textile-UP, Amplify-Material-Textile-UP, AmplifyStool-Material-Textile-UP, Sona-Material-Textile, Knack-Material-Textile, KnackStool-Material-Textile, TR2-Material-Textile, TR2Stool-Material-Textile, FocusLT-Material-Textile-UP
GRP4.VG3;Focus-Material-Textile-UP, FocusExec-Material-Textile-UP, FocusHD-Material-Textile-UP, FocusStool-Material-Textile-UP, Amplify-Material-Textile-UP, AmplifyStool-Material-Textile-UP, Sona-Material-Textile, Knack-Material-Textile, KnackStool-Material-Textile, TR2-Material-Textile, TR2Stool-Material-Textile, FocusLT-Material-Textile-UP
GRP4.VG4;Focus-Material-Textile-UP, FocusExec-Material-Textile-UP, FocusHD-Material-Textile-UP, FocusStool-Material-Textile-UP, Amplify-Material-Textile-UP, AmplifyStool-Material-Textile-UP, Sona-Material-Textile, Knack-Material-Textile, KnackStool-Material-Textile, TR2-Material-Textile, TR2Stool-Material-Textile, FocusLT-Material-Textile-UP
GRP4.VG5;Focus-Material-Textile-UP, FocusExec-Material-Textile-UP, FocusHD-Material-Textile-UP, FocusStool-Material-Textile-UP, Amplify-Material-Textile-UP, AmplifyStool-Material-Textile-UP, Sona-Material-Textile, Knack-Material-Textile, KnackStool-Material-Textile, TR2-Material-Textile, TR2Stool-Material-Textile, FocusLT-Material-Textile-UP
GRP4.VG6;Focus-Material-Textile-UP, FocusExec-Material-Textile-UP, FocusHD-Material-Textile-UP, FocusStool-Material-Textile-UP, Amplify-Material-Textile-UP, AmplifyStool-Material-Textile-UP, Sona-Material-Textile, Knack-Material-Textile, KnackStool-Material-Textile, TR2-Material-Textile, TR2Stool-Material-Textile, FocusLT-Material-Textile-UP
GRP4.VG7;Focus-Material-Textile-UP, FocusExec-Material-Textile-UP, FocusHD-Material-Textile-UP, FocusStool-Material-Textile-UP, Amplify-Material-Textile-UP, AmplifyStool-Material-Textile-UP, Sona-Material-Textile, Knack-Material-Textile, KnackStool-Material-Textile, TR2-Material-Textile, TR2Stool-Material-Textile, FocusLT-Material-Textile-UP
GRP4.L1;Focus-Material-Textile-UP, FocusExec-Material-Textile-UP, FocusHD-Material-Textile-UP, FocusStool-Material-Textile-UP, Amplify-Material-Textile-UP, AmplifyStool-Material-Textile-UP, Sona-Material-Textile, Knack-Material-Textile, KnackStool-Material-Textile, TR2-Material-Textile, TR2Stool-Material-Textile, FocusLT-Material-Textile-UP
GRP4.L2;Focus-Material-Textile-UP, FocusExec-Material-Textile-UP, FocusHD-Material-Textile-UP, FocusStool-Material-Textile-UP, Amplify-Material-Textile-UP, AmplifyStool-Material-Textile-UP, Sona-Material-Textile, Knack-Material-Textile, KnackStool-Material-Textile, TR2-Material-Textile, TR2Stool-Material-Textile, FocusLT-Material-Textile-UP
GRP4.L3;Focus-Material-Textile-UP, FocusExec-Material-Textile-UP, FocusHD-Material-Textile-UP, FocusStool-Material-Textile-UP, Amplify-Material-Textile-UP, AmplifyStool-Material-Textile-UP, Sona-Material-Textile, Knack-Material-Textile, KnackStool-Material-Textile, TR2-Material-Textile, TR2Stool-Material-Textile, FocusLT-Material-Textile-UP
GRPAMPUP.COL;Amplify-Material-Textile-UP, AmplifyStool-Material-Textile-UP
GRPAMPUP.L1;Amplify-Material-Textile-UP, AmplifyStool-Material-Textile-UP
GRPAMPUP.L2;Amplify-Material-Textile-UP, AmplifyStool-Material-Textile-UP
GRPAMPUP.L3;Amplify-Material-Textile-UP, AmplifyStool-Material-Textile-UP
GRP5.COM;Prava-Material-Textile, ReAlign-Material-Textile, ReAlignStool-Material-Textile
GRP5.COL;Prava-Material-Textile, ReAlign-Material-Textile, ReAlignStool-Material-Textile
GRP5.FG1;Prava-Material-Textile, ReAlign-Material-Textile, ReAlignStool-Material-Textile
GRP5.FG2;Prava-Material-Textile, ReAlign-Material-Textile, ReAlignStool-Material-Textile
GRP5.FG3;Prava-Material-Textile, ReAlign-Material-Textile, ReAlignStool-Material-Textile
GRP5.FG4;Prava-Material-Textile, ReAlign-Material-Textile, ReAlignStool-Material-Textile
GRP5.FG5;Prava-Material-Textile, ReAlign-Material-Textile, ReAlignStool-Material-Textile
GRP5.FG6;Prava-Material-Textile, ReAlign-Material-Textile, ReAlignStool-Material-Textile
GRP5.FG7;Prava-Material-Textile, ReAlign-Material-Textile, ReAlignStool-Material-Textile
GRP5.VG1;Prava-Material-Textile, ReAlign-Material-Textile, ReAlignStool-Material-Textile
GRP5.VG2;Prava-Material-Textile, ReAlign-Material-Textile, ReAlignStool-Material-Textile
GRP5.VG3;Prava-Material-Textile, ReAlign-Material-Textile, ReAlignStool-Material-Textile
GRP5.VG4;Prava-Material-Textile, ReAlign-Material-Textile, ReAlignStool-Material-Textile
GRP5.VG5;Prava-Material-Textile, ReAlign-Material-Textile, ReAlignStool-Material-Textile
GRP5.VG6;Prava-Material-Textile, ReAlign-Material-Textile, ReAlignStool-Material-Textile
GRP5.VG7;Prava-Material-Textile, ReAlign-Material-Textile, ReAlignStool-Material-Textile
GRP5.L1;Prava-Material-Textile, ReAlign-Material-Textile, ReAlignStool-Material-Textile
GRP5.L2;Prava-Material-Textile, ReAlign-Material-Textile, ReAlignStool-Material-Textile
GRP5.L3;Prava-Material-Textile, ReAlign-Material-Textile, ReAlignStool-Material-Textile
GRP6.COM;FreelanceBar-Material-UP-Textile, FreelanceBar-Material-BN-Textile, GloveActive-Material-Textile, GloveActive-Material-Textile-BN, GloveExec-Material-Textile, GloveExec-Material-Textile-BN, NonStopHD-Material-Textile, NonStopHDStool-Material-Textile
GRP6.COL;FreelanceBar-Material-UP-Textile, FreelanceBar-Material-BN-Textile, GloveActive-Material-Textile, GloveActive-Material-Textile-BN, GloveExec-Material-Textile, GloveExec-Material-Textile-BN, NonStopHD-Material-Textile, NonStopHDStool-Material-Textile
GRP6.FG1;FreelanceBar-Material-UP-Textile, FreelanceBar-Material-BN-Textile, GloveActive-Material-Textile, GloveActive-Material-Textile-BN, GloveExec-Material-Textile, GloveExec-Material-Textile-BN, NonStopHD-Material-Textile, NonStopHDStool-Material-Textile
GRP6.FG2;FreelanceBar-Material-UP-Textile, FreelanceBar-Material-BN-Textile, GloveActive-Material-Textile, GloveActive-Material-Textile-BN, GloveExec-Material-Textile, GloveExec-Material-Textile-BN, NonStopHD-Material-Textile, NonStopHDStool-Material-Textile
GRP6.FG3;FreelanceBar-Material-UP-Textile, FreelanceBar-Material-BN-Textile, GloveActive-Material-Textile, GloveActive-Material-Textile-BN, GloveExec-Material-Textile, GloveExec-Material-Textile-BN, NonStopHD-Material-Textile, NonStopHDStool-Material-Textile
GRP6.FG4;FreelanceBar-Material-UP-Textile, FreelanceBar-Material-BN-Textile, GloveActive-Material-Textile, GloveActive-Material-Textile-BN, GloveExec-Material-Textile, GloveExec-Material-Textile-BN, NonStopHD-Material-Textile, NonStopHDStool-Material-Textile
GRP6.FG5;FreelanceBar-Material-UP-Textile, FreelanceBar-Material-BN-Textile, GloveActive-Material-Textile, GloveActive-Material-Textile-BN, GloveExec-Material-Textile, GloveExec-Material-Textile-BN, NonStopHD-Material-Textile, NonStopHDStool-Material-Textile
GRP6.FG6;FreelanceBar-Material-UP-Textile, FreelanceBar-Material-BN-Textile, GloveActive-Material-Textile, GloveActive-Material-Textile-BN, GloveExec-Material-Textile, GloveExec-Material-Textile-BN, NonStopHD-Material-Textile, NonStopHDStool-Material-Textile
GRP6.FG7;FreelanceBar-Material-UP-Textile, FreelanceBar-Material-BN-Textile, GloveActive-Material-Textile, GloveActive-Material-Textile-BN, GloveExec-Material-Textile, GloveExec-Material-Textile-BN, NonStopHD-Material-Textile, NonStopHDStool-Material-Textile
GRP6.VG1;FreelanceBar-Material-UP-Textile, FreelanceBar-Material-BN-Textile, GloveActive-Material-Textile, GloveActive-Material-Textile-BN, GloveExec-Material-Textile, GloveExec-Material-Textile-BN, NonStopHD-Material-Textile, NonStopHDStool-Material-Textile
GRP6.VG2;FreelanceBar-Material-UP-Textile, FreelanceBar-Material-BN-Textile, GloveActive-Material-Textile, GloveActive-Material-Textile-BN, GloveExec-Material-Textile, GloveExec-Material-Textile-BN, NonStopHD-Material-Textile, NonStopHDStool-Material-Textile
GRP6.VG3;FreelanceBar-Material-UP-Textile, FreelanceBar-Material-BN-Textile, GloveActive-Material-Textile, GloveActive-Material-Textile-BN, GloveExec-Material-Textile, GloveExec-Material-Textile-BN, NonStopHD-Material-Textile, NonStopHDStool-Material-Textile
GRP6.VG4;FreelanceBar-Material-UP-Textile, FreelanceBar-Material-BN-Textile, GloveActive-Material-Textile, GloveActive-Material-Textile-BN, GloveExec-Material-Textile, GloveExec-Material-Textile-BN, NonStopHD-Material-Textile, NonStopHDStool-Material-Textile
GRP6.VG5;FreelanceBar-Material-UP-Textile, FreelanceBar-Material-BN-Textile, GloveActive-Material-Textile, GloveActive-Material-Textile-BN, GloveExec-Material-Textile, GloveExec-Material-Textile-BN, NonStopHD-Material-Textile, NonStopHDStool-Material-Textile
GRP6.VG6;FreelanceBar-Material-UP-Textile, FreelanceBar-Material-BN-Textile, GloveActive-Material-Textile, GloveActive-Material-Textile-BN, GloveExec-Material-Textile, GloveExec-Material-Textile-BN, NonStopHD-Material-Textile, NonStopHDStool-Material-Textile
GRP6.VG7;FreelanceBar-Material-UP-Textile, FreelanceBar-Material-BN-Textile, GloveActive-Material-Textile, GloveActive-Material-Textile-BN, GloveExec-Material-Textile, GloveExec-Material-Textile-BN, NonStopHD-Material-Textile, NonStopHDStool-Material-Textile
GRP6.L1;FreelanceBar-Material-UP-Textile, FreelanceBar-Material-BN-Textile, GloveActive-Material-Textile, GloveActive-Material-Textile-BN, GloveExec-Material-Textile, GloveExec-Material-Textile-BN, NonStopHD-Material-Textile, NonStopHDStool-Material-Textile
GRP6.L2;FreelanceBar-Material-UP-Textile, GloveActive-Material-Textile, GloveExec-Material-Textile, NonStopHD-Material-Textile, NonStopHDStool-Material-Textile
GRP6.L3;FreelanceBar-Material-UP-Textile, GloveActive-Material-Textile, GloveExec-Material-Textile, NonStopHD-Material-Textile, NonStopHDStool-Material-Textile
GRP6BN.L2;FreelanceBar-Material-BN-Textile, GloveActive-Material-Textile-BN, GloveExec-Material-Textile-BN
GRP6BN.L3;FreelanceBar-Material-BN-Textile, GloveActive-Material-Textile-BN, GloveExec-Material-Textile-BN
*NBR;Freelance-BookRack, OnCall-BookRack
BR;OnCall-BookRack
BRF;Freelance-BookRack
GG;WitSide-Acc
GA;WitSide-Acc
GG2;Freelance-Acc
GA2;Freelance-Acc
Relay.GG2;Relay-Acc
Relay.GA2;Relay-Acc
GG3;Lumin-Acc, OnCall-Acc
GA3;Lumin-Acc, OnCall-Acc
GG4;Achieve-Acc
GA4;Achieve-Acc
GG5;Rowdy-Acc
GA5;Rowdy-Acc
GG6;Anytime-Acc
GA6;Anytime-Acc
GG9;InFlex-Acc
GA9;InFlex-Acc
GG10;Lumin-Acc
GA10;Lumin-Acc
Relay.GA10;Relay-Acc
GG11;FocusSide-Acc
GA11;FocusSide-Acc
GG12;Rio-Acc
CART;Achieve-Acc, Anytime-Acc, FocusSide-Acc, Freelance-Acc, Relay-Acc
399.CART;InFlex-Acc, Lumin-Acc, OnCall-Acc, Rio-Acc, Rowdy-Acc, Social-Acc, WitSide-Acc
KD;Focus-Packaging, Torsa-Packaging, Amplify-Packaging, AmplifyStool-Packaging, FocusExec-Packaging, Focus-Headrest-Packaging, Wit-Packaging, WitStool-Packaging, Prava-Packaging, Sona-Packaging, Novo-Packaging, NovoStool-Packaging, Knack-Packaging, KnackStool-Packaging, NonStopHD-Size2-Packaging, NonStopHDStool-Packaging, ReAlign-Packaging, ReAlignStool-Packaging, TR2-Packaging, TR2Stool-Packaging, Movi-Task-Packaging, MoviStool-Task-Packaging, AmplifyLT-Packaging, NovoLT-Packaging
UC;Amplify-Packaging, AmplifyStool-Packaging, Focus-Packaging, Torsa-Packaging, FocusExec-Packaging, Focus-Headrest-Packaging, Wit-Packaging, WitStool-Packaging, Prava-Packaging, Sona-Packaging, Novo-Packaging, NovoStool-Packaging, Knack-Packaging, KnackStool-Packaging, NonStopHD-Size2-Packaging, NonStopHDStool-Packaging, ReAlign-Packaging, ReAlignStool-Packaging, TR2-Packaging, TR2Stool-Packaging, AmplifyLT-Packaging, NovoLT-Packaging
NoCharge.UC;Anytime-Task-Packaging, AnytimeStool-Task-Packaging, GloveActive-Packaging, GloveExec-Packaging, InFlex-Task-Packaging, InFlexStool-Task-Packaging, Lumin-Task-Packaging, LuminStool-Task-Packaging, NonStopHD-Size3-Packaging, OnCall-Task-Packaging, OnCallStool-Task-Packaging, Relay-Task-Packaging, RelayStool-Packaging, Rio-Task-Packaging, RioStool-Task-Packaging
AC;Amplify-Packaging, AmplifyStool-Packaging, Anytime-Task-Packaging, AnytimeStool-Task-Packaging, Focus-Packaging, FocusExec-Packaging, GloveActive-Packaging, InFlex-Task-Packaging, InFlexStool-Task-Packaging, Knack-Packaging, KnackStool-Packaging, Lumin-Task-Packaging, LuminStool-Task-Packaging, NonStopHD-Size2-Packaging, NonStopHDStool-Packaging, Novo-Packaging, NovoStool-Packaging, OnCall-Task-Packaging, OnCallStool-Task-Packaging, Prava-Packaging, ReAlign-Packaging, ReAlignStool-Packaging, Sona-Packaging, Relay-Task-Packaging, RelayStool-Packaging, Rio-Task-Packaging, RioStool-Task-Packaging, TR2-Packaging, TR2Stool-Packaging, Torsa-Packaging, Wit-Packaging, WitStool-Packaging, , Movi-Task-Packaging, MoviStool-Task-Packaging,AmplifyLT-Packaging, NovoLT-Packaging
NoCharge.AC;Achieve-Packaging, Anytime-Packaging, AnytimeStool-Packaging, FocusSide-Packaging, FocusCafeStool-Packaging, Freelance-Packaging, Freelance-Sled-Packaging, FreelanceBar-Packaging, FreelanceStool-Packaging, InFlex-Packaging, InFlexStool-Packaging, Lumin-Packaging, LuminStool-Packaging, OnCall-Packaging, OnCallStool-Packaging, Relay-Packaging, Rio-Packaging, RioStool-Packaging, Rowdy-Packaging, Social-Packaging, WitSide-Packaging, Movi-Packaging
AB;